ts,uid,id.orig_h,id.orig_p,id.resp_h,id.resp_p,tunnel_type,action
1331903907.840000,CAZ2pG3tEWcozhPPzi,192.168.202.110,60807,192.168.27.25,3544,Tunnel::TEREDO,Tunnel::DISCOVER
1331903932.830000,CZVmMe12RoVbuz74u5,192.168.202.110,43126,192.168.27.102,3544,Tunnel::TEREDO,Tunnel::DISCOVER
1331903967.840000,CAZ2pG3tEWcozhPPzi,192.168.202.110,60807,192.168.27.25,3544,Tunnel::TEREDO,Tunnel::CLOSE
1331903974.460000,CaAV5W3NRFhcBUqY8a,192.168.202.110,50625,192.168.27.152,3544,Tunnel::TEREDO,Tunnel::DISCOVER
1331903979.820000,CKf4q51yEqO6jvaw66,192.168.202.110,44569,192.168.27.202,3544,Tunnel::TEREDO,Tunnel::DISCOVER
1331903992.830000,CZVmMe12RoVbuz74u5,192.168.202.110,43126,192.168.27.102,3544,Tunnel::TEREDO,Tunnel::CLOSE
1331903994.530000,CzDdIoQIRZEAlIeo,192.168.202.110,42089,192.168.27.1,3544,Tunnel::TEREDO,Tunnel::DISCOVER
1331904005.190000,Cqjvew4codCkXqKNSj,192.168.202.110,48846,192.168.27.253,3544,Tunnel::TEREDO,Tunnel::DISCOVER
1331904034.460000,CaAV5W3NRFhcBUqY8a,192.168.202.110,50625,192.168.27.152,3544,Tunnel::TEREDO,Tunnel::CLOSE
1331904038.420000,C6rErQ2Y20pNHqG9Qj,192.168.202.110,40053,192.168.27.203,3544,Tunnel::TEREDO,Tunnel::DISCOVER
1331904039.820000,CKf4q51yEqO6jvaw66,192.168.202.110,44569,192.168.27.202,3544,Tunnel::TEREDO,Tunnel::CLOSE
1331904054.530000,CzDdIoQIRZEAlIeo,192.168.202.110,42089,192.168.27.1,3544,Tunnel::TEREDO,Tunnel::CLOSE
1331904065.190000,Cqjvew4codCkXqKNSj,192.168.202.110,48846,192.168.27.253,3544,Tunnel::TEREDO,Tunnel::CLOSE
1331904098.420000,C6rErQ2Y20pNHqG9Qj,192.168.202.110,40053,192.168.27.203,3544,Tunnel::TEREDO,Tunnel::CLOSE
1331904249.810000,CI1VJJuoHQKFTaPvk,192.168.202.110,35756,192.168.27.254,3544,Tunnel::TEREDO,Tunnel::DISCOVER
1331904309.810000,CI1VJJuoHQKFTaPvk,192.168.202.110,35756,192.168.27.254,3544,Tunnel::TEREDO,Tunnel::CLOSE
1331904422.830000,CI1MCf2cdQEvpSbef9,192.168.202.110,34431,192.168.27.101,3544,Tunnel::TEREDO,Tunnel::DISCOVER
1331904482.830000,CI1MCf2cdQEvpSbef9,192.168.202.110,34431,192.168.27.101,3544,Tunnel::TEREDO,Tunnel::CLOSE
1331904645.850000,C90qsLTqkZopE0Sae,192.168.202.110,55676,192.168.27.103,3544,Tunnel::TEREDO,Tunnel::DISCOVER
1331904658.950000,CzBjiH20Bzz3b4isGg,192.168.202.110,59352,192.168.27.100,3544,Tunnel::TEREDO,Tunnel::DISCOVER
1331904705.850000,C90qsLTqkZopE0Sae,192.168.202.110,55676,192.168.27.103,3544,Tunnel::TEREDO,Tunnel::CLOSE
1331904718.950000,CzBjiH20Bzz3b4isGg,192.168.202.110,59352,192.168.27.100,3544,Tunnel::TEREDO,Tunnel::CLOSE
1331908117.060000,CvW3wgqf0TJMbE7z2,192.168.202.110,53951,192.168.22.1,3544,Tunnel::TEREDO,Tunnel::DISCOVER
1331908172.650000,CvW3wgqf0TJMbE7z2,192.168.202.110,53951,192.168.22.1,3544,Tunnel::TEREDO,Tunnel::CLOSE
1331908230.630000,CQhMSFcSqzGDVFjF4,192.168.202.110,39795,192.168.22.253,3544,Tunnel::TEREDO,Tunnel::DISCOVER
1331908290.630000,CQhMSFcSqzGDVFjF4,192.168.202.110,39795,192.168.22.253,3544,Tunnel::TEREDO,Tunnel::CLOSE
1331908433.310000,CGorQs3fYfBWJb5aTl,192.168.202.110,38428,192.168.22.252,3544,Tunnel::TEREDO,Tunnel::DISCOVER
1331908467.160000,C9WcaG3IoihJeuHAtb,192.168.202.110,35777,192.168.22.102,3544,Tunnel::TEREDO,Tunnel::DISCOVER
1331908493.310000,CGorQs3fYfBWJb5aTl,192.168.202.110,38428,192.168.22.252,3544,Tunnel::TEREDO,Tunnel::CLOSE
1331908526.290000,CSM9If3YPCCmkGoEIl,192.168.202.110,60395,192.168.22.254,3544,Tunnel::TEREDO,Tunnel::DISCOVER
1331908527.160000,C9WcaG3IoihJeuHAtb,192.168.202.110,35777,192.168.22.102,3544,Tunnel::TEREDO,Tunnel::CLOSE
1331908586.290000,CSM9If3YPCCmkGoEIl,192.168.202.110,60395,192.168.22.254,3544,Tunnel::TEREDO,Tunnel::CLOSE
1331908932.800000,CjD9CI35tFuhUhtKCd,192.168.202.110,40627,192.168.22.101,3544,Tunnel::TEREDO,Tunnel::DISCOVER
1331908992.800000,CjD9CI35tFuhUhtKCd,192.168.202.110,40627,192.168.22.101,3544,Tunnel::TEREDO,Tunnel::CLOSE
1331909007.350000,CXTA1J19LFZGQ8st11,192.168.202.110,55541,192.168.22.100,3544,Tunnel::TEREDO,Tunnel::DISCOVER
1331909024.160000,CTPJQZ1svhzhYoRgH4,192.168.202.110,38151,192.168.22.25,3544,Tunnel::TEREDO,Tunnel::DISCOVER
1331909067.350000,CXTA1J19LFZGQ8st11,192.168.202.110,55541,192.168.22.100,3544,Tunnel::TEREDO,Tunnel::CLOSE
1331909084.160000,CTPJQZ1svhzhYoRgH4,192.168.202.110,38151,192.168.22.25,3544,Tunnel::TEREDO,Tunnel::CLOSE
1331916898.350000,Ck8Ry23yiy2HzUkD8a,192.168.202.110,40785,192.168.23.101,3544,Tunnel::TEREDO,Tunnel::DISCOVER
1331916918.210000,CfdR664xJsTzwQoXl1,192.168.202.110,47541,192.168.23.103,3544,Tunnel::TEREDO,Tunnel::DISCOVER
1331916927.290000,CzqqnC4ZTPjNGjigN3,192.168.202.110,57452,192.168.23.100,3544,Tunnel::TEREDO,Tunnel::DISCOVER
1331916958.350000,Ck8Ry23yiy2HzUkD8a,192.168.202.110,40785,192.168.23.101,3544,Tunnel::TEREDO,Tunnel::CLOSE
1331916978.230000,CfdR664xJsTzwQoXl1,192.168.202.110,47541,192.168.23.103,3544,Tunnel::TEREDO,Tunnel::CLOSE
1331916987.300000,CzqqnC4ZTPjNGjigN3,192.168.202.110,57452,192.168.23.100,3544,Tunnel::TEREDO,Tunnel::CLOSE
1331917728.180000,CQ5KJz3PC76DbUDBXk,192.168.202.110,33326,192.168.23.25,3544,Tunnel::TEREDO,Tunnel::DISCOVER
1331917788.190000,CQ5KJz3PC76DbUDBXk,192.168.202.110,33326,192.168.23.25,3544,Tunnel::TEREDO,Tunnel::CLOSE
1331918585.100000,CKTPfC1WFIb0F4OpHb,192.168.202.110,40526,192.168.229.101,3544,Tunnel::TEREDO,Tunnel::DISCOVER
1331918644.490000,CUkbFAW19L94xFeZ1,192.168.202.110,33563,192.168.229.1,3544,Tunnel::TEREDO,Tunnel::DISCOVER
1331918645.100000,CKTPfC1WFIb0F4OpHb,192.168.202.110,40526,192.168.229.101,3544,Tunnel::TEREDO,Tunnel::CLOSE
1331918671.150000,CIL7QUoOcwlllBGs,192.168.202.110,34005,192.168.229.156,3544,Tunnel::TEREDO,Tunnel::DISCOVER
1331918704.490000,CUkbFAW19L94xFeZ1,192.168.202.110,33563,192.168.229.1,3544,Tunnel::TEREDO,Tunnel::CLOSE
1331918726.200000,CVfNm12dVKTHxk6k6b,192.168.202.110,46995,192.168.229.153,3544,Tunnel::TEREDO,Tunnel::DISCOVER
1331918731.160000,CIL7QUoOcwlllBGs,192.168.202.110,34005,192.168.229.156,3544,Tunnel::TEREDO,Tunnel::CLOSE
1331918786.200000,CVfNm12dVKTHxk6k6b,192.168.202.110,46995,192.168.229.153,3544,Tunnel::TEREDO,Tunnel::CLOSE
1331918822.750000,CWxytI68WzdQ2pvo1,192.168.202.110,46015,192.168.229.251,3544,Tunnel::TEREDO,Tunnel::DISCOVER
1331918882.750000,CWxytI68WzdQ2pvo1,192.168.202.110,46015,192.168.229.251,3544,Tunnel::TEREDO,Tunnel::CLOSE
1331918912.310000,Cj4gUl1Z3F9f5Zg37a,192.168.202.110,42815,192.168.229.252,3544,Tunnel::TEREDO,Tunnel::DISCOVER
1331918926.640000,Cj4gUl1Z3F9f5Zg37a,192.168.202.110,42815,192.168.229.252,3544,Tunnel::TEREDO,Tunnel::CLOSE
1331918995.010000,CaFnN6P7nDtcdwdXb,192.168.202.110,58819,192.168.229.254,3544,Tunnel::TEREDO,Tunnel::DISCOVER
1331919055.010000,CaFnN6P7nDtcdwdXb,192.168.202.110,58819,192.168.229.254,3544,Tunnel::TEREDO,Tunnel::CLOSE
1331921521.210000,CU0rpJ1ESgsKjTFDo1,192.168.202.110,45024,192.168.28.1,3544,Tunnel::TEREDO,Tunnel::DISCOVER
1331921581.210000,CU0rpJ1ESgsKjTFDo1,192.168.202.110,45024,192.168.28.1,3544,Tunnel::TEREDO,Tunnel::CLOSE
1331921766.060000,CillqqlkTL93voyy6,192.168.202.110,34243,192.168.28.101,3544,Tunnel::TEREDO,Tunnel::DISCOVER
1331921807.130000,ChgkOy4EWhPFkYRSmk,192.168.202.110,42168,192.168.28.253,3544,Tunnel::TEREDO,Tunnel::DISCOVER
1331921826.060000,CillqqlkTL93voyy6,192.168.202.110,34243,192.168.28.101,3544,Tunnel::TEREDO,Tunnel::CLOSE
1331921867.130000,ChgkOy4EWhPFkYRSmk,192.168.202.110,42168,192.168.28.253,3544,Tunnel::TEREDO,Tunnel::CLOSE
1331921877.500000,CSaUB54rwExGGBhyuc,192.168.202.110,58244,192.168.28.102,3544,Tunnel::TEREDO,Tunnel::DISCOVER
1331921937.500000,CSaUB54rwExGGBhyuc,192.168.202.110,58244,192.168.28.102,3544,Tunnel::TEREDO,Tunnel::CLOSE
1331922022.650000,Cc8eK044JSxhcomm0b,192.168.202.110,50823,192.168.28.254,3544,Tunnel::TEREDO,Tunnel::DISCOVER
1331922082.650000,Cc8eK044JSxhcomm0b,192.168.202.110,50823,192.168.28.254,3544,Tunnel::TEREDO,Tunnel::CLOSE
1331922310.480000,CZYuy9GYBjRp26o46,192.168.202.110,57542,192.168.21.1,3544,Tunnel::TEREDO,Tunnel::DISCOVER
1331922336.720000,CsY5uB4wr2Rw0PF6Bf,192.168.202.110,36719,192.168.22.1,3544,Tunnel::TEREDO,Tunnel::DISCOVER
1331922370.480000,CZYuy9GYBjRp26o46,192.168.202.110,57542,192.168.21.1,3544,Tunnel::TEREDO,Tunnel::CLOSE
1331922391.470000,CuvmIi43dUeJsew76e,192.168.202.110,34630,192.168.21.100,3544,Tunnel::TEREDO,Tunnel::DISCOVER
1331922395.610000,CC8hUX2KtVln4wZYwk,192.168.202.110,33597,192.168.21.25,3544,Tunnel::TEREDO,Tunnel::DISCOVER
1331922396.720000,CsY5uB4wr2Rw0PF6Bf,192.168.202.110,36719,192.168.22.1,3544,Tunnel::TEREDO,Tunnel::CLOSE
1331922398.580000,CE3nKM1JgQu2XpbX34,192.168.202.110,59971,192.168.22.25,3544,Tunnel::TEREDO,Tunnel::DISCOVER
1331922406.210000,Cb3pUK2hfvWmALqoeb,192.168.202.110,53871,192.168.21.102,3544,Tunnel::TEREDO,Tunnel::DISCOVER
1331922428.250000,CiSk5d2iDC2IhHXvF4,192.168.202.110,48103,192.168.22.102,3544,Tunnel::TEREDO,Tunnel::DISCOVER
1331922442.340000,CNUypD1RWDw9stQ3d,192.168.202.110,52019,192.168.21.103,3544,Tunnel::TEREDO,Tunnel::DISCOVER
1331922451.470000,CuvmIi43dUeJsew76e,192.168.202.110,34630,192.168.21.100,3544,Tunnel::TEREDO,Tunnel::CLOSE
1331922455.610000,CC8hUX2KtVln4wZYwk,192.168.202.110,33597,192.168.21.25,3544,Tunnel::TEREDO,Tunnel::CLOSE
1331922458.580000,CE3nKM1JgQu2XpbX34,192.168.202.110,59971,192.168.22.25,3544,Tunnel::TEREDO,Tunnel::CLOSE
1331922466.210000,Cb3pUK2hfvWmALqoeb,192.168.202.110,53871,192.168.21.102,3544,Tunnel::TEREDO,Tunnel::CLOSE
1331922488.250000,CiSk5d2iDC2IhHXvF4,192.168.202.110,48103,192.168.22.102,3544,Tunnel::TEREDO,Tunnel::CLOSE
1331922502.340000,CNUypD1RWDw9stQ3d,192.168.202.110,52019,192.168.21.103,3544,Tunnel::TEREDO,Tunnel::CLOSE
1331922509.840000,C8mtMB4w9clisgE2nj,192.168.202.110,60568,192.168.21.152,3544,Tunnel::TEREDO,Tunnel::DISCOVER
1331922514.260000,CxSUvvQe52Ly4Lqz5,192.168.202.110,56808,192.168.22.152,3544,Tunnel::TEREDO,Tunnel::DISCOVER
1331922526.380000,CmoEGJjrhnK9laES9,192.168.202.110,38618,192.168.22.103,3544,Tunnel::TEREDO,Tunnel::DISCOVER
1331922562.240000,CccN2a2Mz4QjOB0qS4,192.168.202.110,51293,192.168.21.203,3544,Tunnel::TEREDO,Tunnel::DISCOVER
1331922569.840000,C8mtMB4w9clisgE2nj,192.168.202.110,60568,192.168.21.152,3544,Tunnel::TEREDO,Tunnel::CLOSE
1331922570.710000,C6ewG14ttgmu8mBgOc,192.168.202.110,59896,192.168.22.202,3544,Tunnel::TEREDO,Tunnel::DISCOVER
1331922574.260000,CxSUvvQe52Ly4Lqz5,192.168.202.110,56808,192.168.22.152,3544,Tunnel::TEREDO,Tunnel::CLOSE
1331922580.240000,CW6cCe2MstjMKv7Ss9,192.168.202.110,50638,192.168.22.203,3544,Tunnel::TEREDO,Tunnel::DISCOVER
1331922586.380000,CmoEGJjrhnK9laES9,192.168.202.110,38618,192.168.22.103,3544,Tunnel::TEREDO,Tunnel::CLOSE
1331922622.240000,CccN2a2Mz4QjOB0qS4,192.168.202.110,51293,192.168.21.203,3544,Tunnel::TEREDO,Tunnel::CLOSE
1331922630.710000,C6ewG14ttgmu8mBgOc,192.168.202.110,59896,192.168.22.202,3544,Tunnel::TEREDO,Tunnel::CLOSE
1331922630.840000,CvHsXM3hsnF9NeOl0b,192.168.202.110,54053,192.168.21.253,3544,Tunnel::TEREDO,Tunnel::DISCOVER
1331922640.240000,CW6cCe2MstjMKv7Ss9,192.168.202.110,50638,192.168.22.203,3544,Tunnel::TEREDO,Tunnel::CLOSE
1331922647.690000,CARRDz1VT0l8RJ9xD5,192.168.202.110,44781,192.168.22.253,3544,Tunnel::TEREDO,Tunnel::DISCOVER
1331922651.800000,CJaZuU1tM6eQkVi2q4,192.168.202.110,53305,192.168.21.202,3544,Tunnel::TEREDO,Tunnel::DISCOVER
1331922690.840000,CvHsXM3hsnF9NeOl0b,192.168.202.110,54053,192.168.21.253,3544,Tunnel::TEREDO,Tunnel::CLOSE
1331922707.690000,CARRDz1VT0l8RJ9xD5,192.168.202.110,44781,192.168.22.253,3544,Tunnel::TEREDO,Tunnel::CLOSE
1331922711.800000,CJaZuU1tM6eQkVi2q4,192.168.202.110,53305,192.168.21.202,3544,Tunnel::TEREDO,Tunnel::CLOSE
1331922739.310000,CIQ0r23CPW3PlVCOzc,192.168.202.110,54544,192.168.22.254,3544,Tunnel::TEREDO,Tunnel::DISCOVER
1331922743.530000,CWGO3U1zyu3n6TaMU6,192.168.202.110,51683,192.168.21.254,3544,Tunnel::TEREDO,Tunnel::DISCOVER
1331922796.270000,Ca1ROjBbJLnlUqkg3,192.168.202.110,48508,192.168.28.25,3544,Tunnel::TEREDO,Tunnel::DISCOVER
1331922799.310000,CIQ0r23CPW3PlVCOzc,192.168.202.110,54544,192.168.22.254,3544,Tunnel::TEREDO,Tunnel::CLOSE
1331922803.530000,CWGO3U1zyu3n6TaMU6,192.168.202.110,51683,192.168.21.254,3544,Tunnel::TEREDO,Tunnel::CLOSE
1331922856.270000,Ca1ROjBbJLnlUqkg3,192.168.202.110,48508,192.168.28.25,3544,Tunnel::TEREDO,Tunnel::CLOSE
1331922867.520000,COCYvg3tuxKtYdHbp6,192.168.202.110,55944,192.168.28.202,3544,Tunnel::TEREDO,Tunnel::DISCOVER
1331922927.520000,COCYvg3tuxKtYdHbp6,192.168.202.110,55944,192.168.28.202,3544,Tunnel::TEREDO,Tunnel::CLOSE
1331923029.900000,C02rTW28gkW2787yC,192.168.202.110,56728,192.168.23.1,3544,Tunnel::TEREDO,Tunnel::DISCOVER
1331923089.900000,C02rTW28gkW2787yC,192.168.202.110,56728,192.168.23.1,3544,Tunnel::TEREDO,Tunnel::CLOSE
1331923092.060000,CU6UzV2woqPdd2Nste,192.168.202.110,35021,192.168.23.25,3544,Tunnel::TEREDO,Tunnel::DISCOVER
1331923152.060000,CU6UzV2woqPdd2Nste,192.168.202.110,35021,192.168.23.25,3544,Tunnel::TEREDO,Tunnel::CLOSE
1331923182.840000,CxbXsTmg2JmXcpA68,192.168.202.110,55033,192.168.23.101,3544,Tunnel::TEREDO,Tunnel::DISCOVER
1331923212.500000,CW1XhM315X2obC5vOd,192.168.202.110,58092,192.168.23.100,3544,Tunnel::TEREDO,Tunnel::DISCOVER
1331923212.510000,CEbQTA1VNJyVZGohh8,192.168.202.110,49938,192.168.23.102,3544,Tunnel::TEREDO,Tunnel::DISCOVER
1331923217.530000,CZ7TKTE8Jns8fxgM,192.168.202.110,54288,192.168.23.103,3544,Tunnel::TEREDO,Tunnel::DISCOVER
1331923242.840000,CxbXsTmg2JmXcpA68,192.168.202.110,55033,192.168.23.101,3544,Tunnel::TEREDO,Tunnel::CLOSE
1331923272.500000,CW1XhM315X2obC5vOd,192.168.202.110,58092,192.168.23.100,3544,Tunnel::TEREDO,Tunnel::CLOSE
1331923272.510000,CEbQTA1VNJyVZGohh8,192.168.202.110,49938,192.168.23.102,3544,Tunnel::TEREDO,Tunnel::CLOSE
1331923277.530000,CZ7TKTE8Jns8fxgM,192.168.202.110,54288,192.168.23.103,3544,Tunnel::TEREDO,Tunnel::CLOSE
1331923295.480000,Cu88zT255GcXastIP8,192.168.202.110,60546,192.168.23.152,3544,Tunnel::TEREDO,Tunnel::DISCOVER
1331923355.480000,Cu88zT255GcXastIP8,192.168.202.110,60546,192.168.23.152,3544,Tunnel::TEREDO,Tunnel::CLOSE
1331923383.440000,C23SsA1Fe92p5dULYe,192.168.202.110,45976,192.168.23.202,3544,Tunnel::TEREDO,Tunnel::DISCOVER
1331923383.470000,C2MvoF28avqA6d9eke,192.168.202.110,41273,192.168.23.203,3544,Tunnel::TEREDO,Tunnel::DISCOVER
1331923396.500000,CHxjM01PlpuOw5Jjhk,192.168.202.110,36205,192.168.23.253,3544,Tunnel::TEREDO,Tunnel::DISCOVER
1331923443.440000,C23SsA1Fe92p5dULYe,192.168.202.110,45976,192.168.23.202,3544,Tunnel::TEREDO,Tunnel::CLOSE
1331923443.470000,C2MvoF28avqA6d9eke,192.168.202.110,41273,192.168.23.203,3544,Tunnel::TEREDO,Tunnel::CLOSE
1331923456.500000,CHxjM01PlpuOw5Jjhk,192.168.202.110,36205,192.168.23.253,3544,Tunnel::TEREDO,Tunnel::CLOSE
1331923492.680000,CCWQle4C3JIUfrSiTh,192.168.202.110,44601,192.168.23.254,3544,Tunnel::TEREDO,Tunnel::DISCOVER
1331923552.680000,CCWQle4C3JIUfrSiTh,192.168.202.110,44601,192.168.23.254,3544,Tunnel::TEREDO,Tunnel::CLOSE
1331998958.500000,Cvykcj2KWtHnyaiQc1,192.168.202.140,59445,192.168.21.1,3544,Tunnel::TEREDO,Tunnel::DISCOVER
1331999018.500000,Cvykcj2KWtHnyaiQc1,192.168.202.140,59445,192.168.21.1,3544,Tunnel::TEREDO,Tunnel::CLOSE
1331999019.760000,CrE0lHoJeZ8OqTYo7,192.168.202.140,54310,192.168.21.102,3544,Tunnel::TEREDO,Tunnel::DISCOVER
1331999043.550000,Cefrhe2DHdoGyfstQ,192.168.202.140,54063,192.168.21.25,3544,Tunnel::TEREDO,Tunnel::DISCOVER
1331999059.520000,CKWN7J4TKxz9OVKw7,192.168.202.140,48731,192.168.21.103,3544,Tunnel::TEREDO,Tunnel::DISCOVER
1331999079.780000,CrE0lHoJeZ8OqTYo7,192.168.202.140,54310,192.168.21.102,3544,Tunnel::TEREDO,Tunnel::CLOSE
1331999103.550000,Cefrhe2DHdoGyfstQ,192.168.202.140,54063,192.168.21.25,3544,Tunnel::TEREDO,Tunnel::CLOSE
1331999119.520000,CKWN7J4TKxz9OVKw7,192.168.202.140,48731,192.168.21.103,3544,Tunnel::TEREDO,Tunnel::CLOSE
1331999193.090000,C5gRpR2LifRR1oAXhk,192.168.202.140,54349,192.168.21.203,3544,Tunnel::TEREDO,Tunnel::DISCOVER
1331999230.590000,CNPy4EFezfQsmnrE7,192.168.202.140,43825,192.168.21.152,3544,Tunnel::TEREDO,Tunnel::DISCOVER
1331999236.600000,CY1Rne4966p9PqGTXc,192.168.202.140,36228,192.168.23.1,3544,Tunnel::TEREDO,Tunnel::DISCOVER
1331999239.880000,CI4CTw3Ak4W4FWEp1g,192.168.202.140,42585,192.168.22.1,3544,Tunnel::TEREDO,Tunnel::DISCOVER
1331999247.880000,CiLg5l2ePTGOTNXIF8,192.168.202.140,56194,192.168.24.1,3544,Tunnel::TEREDO,Tunnel::DISCOVER
1331999249.070000,ChkbYv29rcmXQJqzSk,192.168.202.140,49013,192.168.25.1,3544,Tunnel::TEREDO,Tunnel::DISCOVER
1331999253.090000,C5gRpR2LifRR1oAXhk,192.168.202.140,54349,192.168.21.203,3544,Tunnel::TEREDO,Tunnel::CLOSE
1331999265.180000,CEYvlZ2JdTjnAuv88i,192.168.202.140,38105,192.168.21.253,3544,Tunnel::TEREDO,Tunnel::DISCOVER
1331999273.659999,Cjgjd32jjYCzYlkz,192.168.202.140,60682,192.168.23.100,3544,Tunnel::TEREDO,Tunnel::DISCOVER
1331999283.490000,C7IuBC2h0UXZKXwbUl,192.168.202.140,58931,192.168.26.1,3544,Tunnel::TEREDO,Tunnel::DISCOVER
1331999290.590000,CNPy4EFezfQsmnrE7,192.168.202.140,43825,192.168.21.152,3544,Tunnel::TEREDO,Tunnel::CLOSE
1331999296.600000,CY1Rne4966p9PqGTXc,192.168.202.140,36228,192.168.23.1,3544,Tunnel::TEREDO,Tunnel::CLOSE
1331999297.120000,CymDZh3c0WQZS6IX81,192.168.202.140,49472,192.168.25.100,3544,Tunnel::TEREDO,Tunnel::DISCOVER
1331999299.880000,CI4CTw3Ak4W4FWEp1g,192.168.202.140,42585,192.168.22.1,3544,Tunnel::TEREDO,Tunnel::CLOSE
1331999305.960000,Cu8vEr4Z12pwQv8seb,192.168.202.140,34308,192.168.21.202,3544,Tunnel::TEREDO,Tunnel::DISCOVER
1331999307.880000,CiLg5l2ePTGOTNXIF8,192.168.202.140,56194,192.168.24.1,3544,Tunnel::TEREDO,Tunnel::CLOSE
1331999309.070000,ChkbYv29rcmXQJqzSk,192.168.202.140,49013,192.168.25.1,3544,Tunnel::TEREDO,Tunnel::CLOSE
1331999311.790000,CCpZLDHTRV0DSIg87,192.168.202.140,35753,192.168.22.25,3544,Tunnel::TEREDO,Tunnel::DISCOVER
1331999325.180000,CEYvlZ2JdTjnAuv88i,192.168.202.140,38105,192.168.21.253,3544,Tunnel::TEREDO,Tunnel::CLOSE
1331999327.670000,CcqNoS2ORrIpdo9Qlk,192.168.202.140,51555,192.168.24.25,3544,Tunnel::TEREDO,Tunnel::DISCOVER
1331999330.580000,CXPMiOyURZYMgxAo7,192.168.202.140,58653,192.168.25.101,3544,Tunnel::TEREDO,Tunnel::DISCOVER
1331999333.659999,Cjgjd32jjYCzYlkz,192.168.202.140,60682,192.168.23.100,3544,Tunnel::TEREDO,Tunnel::CLOSE
1331999343.490000,C7IuBC2h0UXZKXwbUl,192.168.202.140,58931,192.168.26.1,3544,Tunnel::TEREDO,Tunnel::CLOSE
1331999357.120000,CymDZh3c0WQZS6IX81,192.168.202.140,49472,192.168.25.100,3544,Tunnel::TEREDO,Tunnel::CLOSE
1331999362.150000,CVKDDc26yVmSC53Ss8,192.168.202.140,50398,192.168.25.25,3544,Tunnel::TEREDO,Tunnel::DISCOVER
1331999365.960000,Cu8vEr4Z12pwQv8seb,192.168.202.140,34308,192.168.21.202,3544,Tunnel::TEREDO,Tunnel::CLOSE
1331999371.790000,CCpZLDHTRV0DSIg87,192.168.202.140,35753,192.168.22.25,3544,Tunnel::TEREDO,Tunnel::CLOSE
1331999387.670000,CcqNoS2ORrIpdo9Qlk,192.168.202.140,51555,192.168.24.25,3544,Tunnel::TEREDO,Tunnel::CLOSE
1331999390.580000,CXPMiOyURZYMgxAo7,192.168.202.140,58653,192.168.25.101,3544,Tunnel::TEREDO,Tunnel::CLOSE
1331999398.000000,CMxop71Rf4YHjQYvq3,192.168.202.140,49114,192.168.21.254,3544,Tunnel::TEREDO,Tunnel::DISCOVER
1331999410.120000,CGFX7nMkvdlM0xWB8,192.168.202.140,60571,192.168.22.102,3544,Tunnel::TEREDO,Tunnel::DISCOVER
1331999410.640000,CQdB1c1CwTYGGYqyd4,192.168.202.140,46680,192.168.22.103,3544,Tunnel::TEREDO,Tunnel::DISCOVER
1331999422.150000,CVKDDc26yVmSC53Ss8,192.168.202.140,50398,192.168.25.25,3544,Tunnel::TEREDO,Tunnel::CLOSE
1331999422.810000,CIEWfM3LImLXN3oHkg,192.168.202.140,41526,192.168.23.102,3544,Tunnel::TEREDO,Tunnel::DISCOVER
1331999428.819999,CXLCwT3F10EmZ65H79,192.168.202.140,53273,192.168.24.102,3544,Tunnel::TEREDO,Tunnel::DISCOVER
1331999438.000000,CS4fss25kS7mqbTc9l,192.168.202.140,38137,192.168.23.103,3544,Tunnel::TEREDO,Tunnel::DISCOVER
1331999441.740000,C4AhV61HEqbDzvpZz6,192.168.202.140,52856,192.168.24.103,3544,Tunnel::TEREDO,Tunnel::DISCOVER
1331999446.570000,CfFpQx1ePBQ6nFnc83,192.168.202.140,38671,192.168.27.1,3544,Tunnel::TEREDO,Tunnel::DISCOVER
1331999451.830000,CnCy9a16BabouisMP6,192.168.202.140,49119,192.168.28.1,3544,Tunnel::TEREDO,Tunnel::DISCOVER
1331999458.000000,CMxop71Rf4YHjQYvq3,192.168.202.140,49114,192.168.21.254,3544,Tunnel::TEREDO,Tunnel::CLOSE
1331999461.040000,CiJF933Rpa7iydq5Yi,192.168.202.140,33521,192.168.25.102,3544,Tunnel::TEREDO,Tunnel::DISCOVER
1331999465.539999,CXO3or1uaUraISVn6a,192.168.202.140,44596,192.168.25.103,3544,Tunnel::TEREDO,Tunnel::DISCOVER
1331999470.120000,CGFX7nMkvdlM0xWB8,192.168.202.140,60571,192.168.22.102,3544,Tunnel::TEREDO,Tunnel::CLOSE
1331999470.640000,CQdB1c1CwTYGGYqyd4,192.168.202.140,46680,192.168.22.103,3544,Tunnel::TEREDO,Tunnel::CLOSE
1331999482.620000,CkuaTs2lUNWJuChfbl,192.168.202.140,43553,192.168.27.100,3544,Tunnel::TEREDO,Tunnel::DISCOVER
1331999482.810000,CIEWfM3LImLXN3oHkg,192.168.202.140,41526,192.168.23.102,3544,Tunnel::TEREDO,Tunnel::CLOSE
1331999488.819999,CXLCwT3F10EmZ65H79,192.168.202.140,53273,192.168.24.102,3544,Tunnel::TEREDO,Tunnel::CLOSE
1331999498.000000,CS4fss25kS7mqbTc9l,192.168.202.140,38137,192.168.23.103,3544,Tunnel::TEREDO,Tunnel::CLOSE
1331999501.740000,C4AhV61HEqbDzvpZz6,192.168.202.140,52856,192.168.24.103,3544,Tunnel::TEREDO,Tunnel::CLOSE
1331999505.570000,Clg3BNzwQF9ABFmS7,192.168.202.140,39008,192.168.27.101,3544,Tunnel::TEREDO,Tunnel::DISCOVER
1331999506.570000,CfFpQx1ePBQ6nFnc83,192.168.202.140,38671,192.168.27.1,3544,Tunnel::TEREDO,Tunnel::CLOSE
1331999508.670000,C1l4AL3NRVItj6myhg,192.168.202.140,37557,192.168.22.152,3544,Tunnel::TEREDO,Tunnel::DISCOVER
1331999509.579999,CsOFU82DLneUy9Kok1,192.168.202.140,55647,192.168.23.152,3544,Tunnel::TEREDO,Tunnel::DISCOVER
1331999511.830000,CnCy9a16BabouisMP6,192.168.202.140,49119,192.168.28.1,3544,Tunnel::TEREDO,Tunnel::CLOSE
1331999513.580000,Cafik92s1udY2HVct,192.168.202.140,54961,192.168.24.152,3544,Tunnel::TEREDO,Tunnel::DISCOVER
1331999520.200000,C2lWPk49a20B4GN1Wc,192.168.202.140,33099,192.168.23.253,3544,Tunnel::TEREDO,Tunnel::DISCOVER
1331999521.040000,CiJF933Rpa7iydq5Yi,192.168.202.140,33521,192.168.25.102,3544,Tunnel::TEREDO,Tunnel::CLOSE
1331999525.539999,CXO3or1uaUraISVn6a,192.168.202.140,44596,192.168.25.103,3544,Tunnel::TEREDO,Tunnel::CLOSE
1331999534.590000,CfQCCB0ZQnsXSP295,192.168.202.140,38084,192.168.22.253,3544,Tunnel::TEREDO,Tunnel::DISCOVER
1331999542.350000,C9HDnX1PJF2sJ5Yvj2,192.168.202.140,54196,192.168.28.25,3544,Tunnel::TEREDO,Tunnel::DISCOVER
1331999542.620000,CkuaTs2lUNWJuChfbl,192.168.202.140,43553,192.168.27.100,3544,Tunnel::TEREDO,Tunnel::CLOSE
1331999559.019999,C0xonI246zvCD4qyrk,192.168.202.140,60866,192.168.24.253,3544,Tunnel::TEREDO,Tunnel::DISCOVER
1331999565.570000,Clg3BNzwQF9ABFmS7,192.168.202.140,39008,192.168.27.101,3544,Tunnel::TEREDO,Tunnel::CLOSE
1331999568.670000,C1l4AL3NRVItj6myhg,192.168.202.140,37557,192.168.22.152,3544,Tunnel::TEREDO,Tunnel::CLOSE
1331999568.970000,CLw1DK1hN914orO664,192.168.202.140,46226,192.168.23.203,3544,Tunnel::TEREDO,Tunnel::DISCOVER
1331999569.579999,CsOFU82DLneUy9Kok1,192.168.202.140,55647,192.168.23.152,3544,Tunnel::TEREDO,Tunnel::CLOSE
1331999572.090000,CNeRiMmIiTOC7qhM7,192.168.202.140,52618,192.168.25.253,3544,Tunnel::TEREDO,Tunnel::DISCOVER
1331999573.590000,Cafik92s1udY2HVct,192.168.202.140,54961,192.168.24.152,3544,Tunnel::TEREDO,Tunnel::CLOSE
1331999576.500000,CQ6wLV23XJGcW2To7b,192.168.202.140,49890,192.168.23.202,3544,Tunnel::TEREDO,Tunnel::DISCOVER
1331999578.610000,CqYCYk4YSOpz6vonVc,192.168.202.140,48000,192.168.22.202,3544,Tunnel::TEREDO,Tunnel::DISCOVER
1331999580.220000,C2lWPk49a20B4GN1Wc,192.168.202.140,33099,192.168.23.253,3544,Tunnel::TEREDO,Tunnel::CLOSE
1331999586.019999,C0cdSO3ZDW5vskVXmh,192.168.202.140,38361,192.168.22.203,3544,Tunnel::TEREDO,Tunnel::DISCOVER
1331999590.520000,COHStq1Sg4OmH9RWj5,192.168.202.140,51653,192.168.24.202,3544,Tunnel::TEREDO,Tunnel::DISCOVER
1331999590.560000,Cv5zkIrC4k8T9f418,192.168.202.140,35883,192.168.24.203,3544,Tunnel::TEREDO,Tunnel::DISCOVER
1331999594.590000,CfQCCB0ZQnsXSP295,192.168.202.140,38084,192.168.22.253,3544,Tunnel::TEREDO,Tunnel::CLOSE
1331999602.350000,C9HDnX1PJF2sJ5Yvj2,192.168.202.140,54196,192.168.28.25,3544,Tunnel::TEREDO,Tunnel::CLOSE
1331999613.490000,CzO2yr3VzspQloDZvh,192.168.202.140,47165,192.168.23.252,3544,Tunnel::TEREDO,Tunnel::DISCOVER
1331999619.019999,C0xonI246zvCD4qyrk,192.168.202.140,60866,192.168.24.253,3544,Tunnel::TEREDO,Tunnel::CLOSE
1331999621.700000,CXykVC4ImUA6yXdE4c,192.168.202.140,55003,192.168.25.203,3544,Tunnel::TEREDO,Tunnel::DISCOVER
1331999622.520000,CtdOX93SjoM8SyAFlc,192.168.202.140,43384,192.168.27.102,3544,Tunnel::TEREDO,Tunnel::DISCOVER
1331999622.970000,CfR9l42IxWR0rsFFf9,192.168.202.140,59383,192.168.25.202,3544,Tunnel::TEREDO,Tunnel::DISCOVER
1331999626.760000,C5Ir7421Fh3n3wX74,192.168.202.140,43864,192.168.27.103,3544,Tunnel::TEREDO,Tunnel::DISCOVER
1331999628.970000,CLw1DK1hN914orO664,192.168.202.140,46226,192.168.23.203,3544,Tunnel::TEREDO,Tunnel::CLOSE
1331999632.090000,CNeRiMmIiTOC7qhM7,192.168.202.140,52618,192.168.25.253,3544,Tunnel::TEREDO,Tunnel::CLOSE
1331999632.570000,C0yv2D4mSR5kIAgmKj,192.168.202.140,47204,192.168.26.254,3544,Tunnel::TEREDO,Tunnel::DISCOVER
1331999636.500000,CQ6wLV23XJGcW2To7b,192.168.202.140,49890,192.168.23.202,3544,Tunnel::TEREDO,Tunnel::CLOSE
1331999638.610000,CqYCYk4YSOpz6vonVc,192.168.202.140,48000,192.168.22.202,3544,Tunnel::TEREDO,Tunnel::CLOSE
1331999639.210000,CI1Yb11N87yYh3TM96,192.168.202.140,32979,192.168.28.102,3544,Tunnel::TEREDO,Tunnel::DISCOVER
1331999646.019999,C0cdSO3ZDW5vskVXmh,192.168.202.140,38361,192.168.22.203,3544,Tunnel::TEREDO,Tunnel::CLOSE
1331999649.979999,CLPmt74yt0iIiNpbsc,192.168.202.140,57233,192.168.23.254,3544,Tunnel::TEREDO,Tunnel::DISCOVER
1331999650.520000,COHStq1Sg4OmH9RWj5,192.168.202.140,51653,192.168.24.202,3544,Tunnel::TEREDO,Tunnel::CLOSE
1331999650.560000,Cv5zkIrC4k8T9f418,192.168.202.140,35883,192.168.24.203,3544,Tunnel::TEREDO,Tunnel::CLOSE
1331999651.090000,C9Ob1S1KvyaFXKrMIa,192.168.202.140,48155,192.168.28.103,3544,Tunnel::TEREDO,Tunnel::DISCOVER
1331999665.860000,CzFeIE415r9n3YPEdc,192.168.202.140,55001,192.168.22.254,3544,Tunnel::TEREDO,Tunnel::DISCOVER
1331999673.490000,CzO2yr3VzspQloDZvh,192.168.202.140,47165,192.168.23.252,3544,Tunnel::TEREDO,Tunnel::CLOSE
1331999681.700000,CXykVC4ImUA6yXdE4c,192.168.202.140,55003,192.168.25.203,3544,Tunnel::TEREDO,Tunnel::CLOSE
1331999682.520000,CtdOX93SjoM8SyAFlc,192.168.202.140,43384,192.168.27.102,3544,Tunnel::TEREDO,Tunnel::CLOSE
1331999682.970000,CfR9l42IxWR0rsFFf9,192.168.202.140,59383,192.168.25.202,3544,Tunnel::TEREDO,Tunnel::CLOSE
1331999683.810000,Ct3HPB22XevHOgo2Ve,192.168.202.140,36675,192.168.24.254,3544,Tunnel::TEREDO,Tunnel::DISCOVER
1331999686.760000,C5Ir7421Fh3n3wX74,192.168.202.140,43864,192.168.27.103,3544,Tunnel::TEREDO,Tunnel::CLOSE
1331999692.570000,C0yv2D4mSR5kIAgmKj,192.168.202.140,47204,192.168.26.254,3544,Tunnel::TEREDO,Tunnel::CLOSE
1331999694.990000,CzKgM43jmjUpwHdfyi,192.168.202.140,39599,192.168.27.152,3544,Tunnel::TEREDO,Tunnel::DISCOVER
1331999699.210000,CI1Yb11N87yYh3TM96,192.168.202.140,32979,192.168.28.102,3544,Tunnel::TEREDO,Tunnel::CLOSE
1331999702.070000,CW0cSE4qRFeZtUxtec,192.168.202.140,59364,192.168.25.254,3544,Tunnel::TEREDO,Tunnel::DISCOVER
1331999709.979999,CLPmt74yt0iIiNpbsc,192.168.202.140,57233,192.168.23.254,3544,Tunnel::TEREDO,Tunnel::CLOSE
1331999711.090000,C9Ob1S1KvyaFXKrMIa,192.168.202.140,48155,192.168.28.103,3544,Tunnel::TEREDO,Tunnel::CLOSE
1331999725.860000,CzFeIE415r9n3YPEdc,192.168.202.140,55001,192.168.22.254,3544,Tunnel::TEREDO,Tunnel::CLOSE
1331999743.810000,Ct3HPB22XevHOgo2Ve,192.168.202.140,36675,192.168.24.254,3544,Tunnel::TEREDO,Tunnel::CLOSE
1331999755.030000,CzKgM43jmjUpwHdfyi,192.168.202.140,39599,192.168.27.152,3544,Tunnel::TEREDO,Tunnel::CLOSE
1331999762.070000,CW0cSE4qRFeZtUxtec,192.168.202.140,59364,192.168.25.254,3544,Tunnel::TEREDO,Tunnel::CLOSE
1332008115.800000,CygVE83Ef9IA6AQ5gf,192.168.202.138,33857,192.168.21.100,3544,Tunnel::TEREDO,Tunnel::DISCOVER
1332008120.800000,Cohoh92PCGMWyhs0t,192.168.202.138,55678,192.168.21.102,3544,Tunnel::TEREDO,Tunnel::DISCOVER
1332008124.740000,Ckrgdz2xfPdlOf2se4,192.168.202.138,50626,192.168.21.1,3544,Tunnel::TEREDO,Tunnel::DISCOVER
1332008148.810000,C2QC9H2MWYgGM5QvY3,192.168.202.138,41122,192.168.21.103,3544,Tunnel::TEREDO,Tunnel::DISCOVER
1332008175.800000,CygVE83Ef9IA6AQ5gf,192.168.202.138,33857,192.168.21.100,3544,Tunnel::TEREDO,Tunnel::CLOSE
1332008179.500000,Co7YVnQbI3GkpYIF8,192.168.202.138,42838,192.168.21.25,3544,Tunnel::TEREDO,Tunnel::DISCOVER
1332008180.800000,Cohoh92PCGMWyhs0t,192.168.202.138,55678,192.168.21.102,3544,Tunnel::TEREDO,Tunnel::CLOSE
1332008184.740000,Ckrgdz2xfPdlOf2se4,192.168.202.138,50626,192.168.21.1,3544,Tunnel::TEREDO,Tunnel::CLOSE
1332008208.810000,C2QC9H2MWYgGM5QvY3,192.168.202.138,41122,192.168.21.103,3544,Tunnel::TEREDO,Tunnel::CLOSE
1332008239.230000,CAN9RZ1eVrDrPhQ26,192.168.202.138,47181,192.168.21.253,3544,Tunnel::TEREDO,Tunnel::DISCOVER
1332008239.510000,Co7YVnQbI3GkpYIF8,192.168.202.138,42838,192.168.21.25,3544,Tunnel::TEREDO,Tunnel::CLOSE
1332008250.140000,C0xTxR3CxMCFeQTYg9,192.168.202.138,44546,192.168.21.152,3544,Tunnel::TEREDO,Tunnel::DISCOVER
1332008299.230000,CAN9RZ1eVrDrPhQ26,192.168.202.138,47181,192.168.21.253,3544,Tunnel::TEREDO,Tunnel::CLOSE
1332008300.450000,CF8WuE4FVqeXFKWDM5,192.168.202.138,43825,192.168.21.203,3544,Tunnel::TEREDO,Tunnel::DISCOVER
1332008310.140000,C0xTxR3CxMCFeQTYg9,192.168.202.138,44546,192.168.21.152,3544,Tunnel::TEREDO,Tunnel::CLOSE
1332008332.470000,CFwlp747YYWJlrSTgd,192.168.202.138,39846,192.168.21.202,3544,Tunnel::TEREDO,Tunnel::DISCOVER
1332008344.050000,Cr04yAyHeJrfJLjDd,192.168.202.138,46291,192.168.21.254,3544,Tunnel::TEREDO,Tunnel::DISCOVER
1332008360.490000,CF8WuE4FVqeXFKWDM5,192.168.202.138,43825,192.168.21.203,3544,Tunnel::TEREDO,Tunnel::CLOSE
1332008392.470000,CFwlp747YYWJlrSTgd,192.168.202.138,39846,192.168.21.202,3544,Tunnel::TEREDO,Tunnel::CLOSE
1332008404.050000,Cr04yAyHeJrfJLjDd,192.168.202.138,46291,192.168.21.254,3544,Tunnel::TEREDO,Tunnel::CLOSE
1332008687.360000,Cnomwo8hgenNN9Td9,192.168.202.138,48136,192.168.27.100,3544,Tunnel::TEREDO,Tunnel::DISCOVER
1332008694.040000,CbBwk44DRPKJwTVVv4,192.168.202.138,44072,192.168.27.1,3544,Tunnel::TEREDO,Tunnel::DISCOVER
1332008747.360000,Cnomwo8hgenNN9Td9,192.168.202.138,48136,192.168.27.100,3544,Tunnel::TEREDO,Tunnel::CLOSE
1332008754.040000,CbBwk44DRPKJwTVVv4,192.168.202.138,44072,192.168.27.1,3544,Tunnel::TEREDO,Tunnel::CLOSE
1332008992.330000,CrRQIn3m8DoqfRMtzj,192.168.202.138,41004,192.168.27.253,3544,Tunnel::TEREDO,Tunnel::DISCOVER
1332008993.360000,CD4IXi3Y9PaL1pSk58,192.168.202.138,33771,192.168.27.254,3544,Tunnel::TEREDO,Tunnel::DISCOVER
1332009052.330000,CrRQIn3m8DoqfRMtzj,192.168.202.138,41004,192.168.27.253,3544,Tunnel::TEREDO,Tunnel::CLOSE
1332009053.360000,CD4IXi3Y9PaL1pSk58,192.168.202.138,33771,192.168.27.254,3544,Tunnel::TEREDO,Tunnel::CLOSE
