FileName,SectionAlignment,FileAlignment,SizeOfHeaders,TimeDateStamp,ImageBase,SizeOfImage,DllCharacteristics,Characteristics,HighEntropy,LowEntropy,TotalSuspiciousSections,TotalNonSuspiciousSections
039ce41fb40a27a46c43bf7ef7d1b08cd5e3f6d71ec08e140cd9166247e783af.json,8192,512,512,0x53FCDB3A [Tue Aug 26 19:08:42 2014 UTC],4194304,17825792,34112,258,1,1,1,2
0510efd8eae869cd0773a033d5a46d6b7f0162174019e54618887f3085312fcb.json,8192,512,512,0x51780CE1 [Wed Apr 24 16:48:33 2013 UTC],4194304,122880,34112,258,0,1,1,2
064e47074342a6e026de068adaf48c41b2ec2c341c7514768cb7b39425905524.json,8192,512,512,0x51A53DC2 [Tue May 28 23:29:06 2013 UTC],4194304,565248,34112,258,0,1,1,2
08065f658d65773e583e9ca784148117d87be3a5005a0871cbc4446f42ed5040.json,8192,512,512,0x53A09536 [Tue Jun 17 19:21:26 2014 UTC],4194304,8323072,34112,258,1,1,1,2
0ce968ea8cffb6312f6d17af9044a14f79d6427b9038bcfc6212acb5aa23e74b.json,8192,512,512,0x51C66292 [Sun Jun 23 02:50:58 2013 UTC],4194304,131072,34112,258,0,1,1,2
0d1f479842cd5bde4f18ab8c85a099da39e13a4051a7c21334e33d55b6f18d76.json,8192,512,512,0x53FCD669 [Tue Aug 26 18:48:09 2014 UTC],4194304,17825792,34112,258,1,1,1,2
0fee562cd821f53e864e02b00a59780aed63abca9f7502678fca9bf47b8b12bd.json,8192,512,512,0x51C66292 [Sun Jun 23 02:50:58 2013 UTC],4194304,131072,34112,258,0,1,1,2
10647c4e7b1b741aeaea9b16d8eb5dae3237ce00dc69f6843790767a277b6204.json,8192,512,512,0x53FCDAAD [Tue Aug 26 19:06:21 2014 UTC],4194304,17825792,34112,258,1,1,1,2
10cf7a186897243363278cf0283a1687749d9ba43fa713b9f974050f56e97cca.json,8192,512,512,0x517C85D4 [Sun Apr 28 02:13:40 2013 UTC],4194304,1220608,34112,258,1,1,1,2
15121b7cbd15143fc0118e06ebe70b7dc1e239b21d865b2c750ed8a0f1f00ef2.json,8192,512,512,0x517C85D4 [Sun Apr 28 02:13:40 2013 UTC],4194304,1269760,34112,258,1,1,1,2
1578a4c641f0c7913cdf08267d1a88ac384d586c453b922670be380b7e67a179.json,8192,512,512,0x5415641D [Sun Sep 14 09:47:09 2014 UTC],4194304,10248192,34112,2,0,1,1,2
1698d8168e860c3377646b12444d38a2e6aebba5a499504a5fc0a73b91d89407.json,8192,512,512,0x521211E7 [Mon Aug 19 12:39:03 2013 UTC],4194304,1359872,34112,258,1,1,1,2
1756ba79cd63458a50df86203380824ea855c8d6bf1c673e05a13a62f14cd170.json,4096,512,1024,0x513F1907 [Tue Mar 12 12:01:11 2013 UTC],4194304,294912,33088,258,0,0,1,4
1aa25a930e8bae5abbe75907c335c7d1d875b60f72f02855a8d37daadc6b469f.json,8192,512,512,0x5192562E [Tue May 14 15:20:14 2013 UTC],4194304,122880,34112,258,0,1,1,2
1efad3bce90ac1d2011ba686f1ab0e435b9a709763fb238dbcad0f44acddccbe.json,8192,512,512,0x517FE608 [Tue Apr 30 15:40:56 2013 UTC],4194304,147456,34112,258,0,1,1,2
20dddd8651a26161139b49dfabfb3b4b743c57fcc982afc11d1c5c4264a2a8be.json,4096,512,1024,0x53925C93 [Sat Jun  7 00:28:03 2014 UTC],4194304,98304,32768,259,0,0,0,4
2a13730f8f16e04cece490eee53bbdcc9bd1e01fbbc2a758562a6462d9473742.json,8192,512,512,0x53A82CF4 [Mon Jun 23 13:34:44 2014 UTC],4194304,204800,34112,258,0,1,1,2
2db6f74a8aef9fe86aef5dff3334e8dd252ac45e26b4a12e8641a770bbb08b45.json,4096,512,1024,0x520A11D1 [Tue Aug 13 11:00:33 2013 UTC],4194304,450560,33088,258,0,0,1,4
2e32c6c9179750df7f1ab35536f09c6b09c73faccea7325fe5c79b5087f5dd6f.json,4096,512,1024,0x50D85765 [Mon Dec 24 13:23:49 2012 UTC],4194304,90112,33088,258,0,0,1,4
32aa8f19e452a1471640cd7be72f806e1997fd5a1a2b2743898ee4cd0aed0dc5.json,8192,512,512,0x51796ACD [Thu Apr 25 17:41:33 2013 UTC],4194304,122880,34112,258,0,1,1,2
37af3f3b3c43690a2e73d4b5edb968896ec4da7b2c21b12a94e146a10f07fef8.json,8192,512,512,0x5393254F [Sat Jun  7 14:44:31 2014 UTC],4194304,196608,34112,258,0,1,1,2
39ba1710545fc9e123abbbce61bda1b00525e59346570a3f8c36f7adde5bb47e.json,8192,512,512,0x53F92179 [Sat Aug 23 23:19:21 2014 UTC],268435456,49152,34112,8450,0,1,1,2
3a7ebd7f502fd3f6b3b88693b1123147621b4030c21df9e0690864e8969e149a.json,8192,512,512,0x51FB9431 [Fri Aug  2 11:12:49 2013 UTC],4194304,40960,34112,258,0,1,1,2
3bdbf591fa0d81606929fdf6abe44ba6e185dd8fc0fa62ade8afde48f704d11a.json,8192,512,512,0x53FCD5CC [Tue Aug 26 18:45:32 2014 UTC],4194304,49152,34112,258,0,1,1,2
3d18e18ae97045cc3198026ddc681e7d957a25402b79141a3c6fdc18bb879ad6.json,8192,512,512,0x5192562E [Tue May 14 15:20:14 2013 UTC],4194304,122880,34112,258,0,1,1,2
3fa302449da1e4fad81143cc48fc80034cbc41804f00e00ac17bdb7dba0b992d.json,8192,512,512,0x54049627 [Mon Sep  1 15:52:07 2014 UTC],4194304,49152,34112,258,0,1,1,2
42ca980b7fc7892716a923c7bf3ff6a76ce81f81bd0a83bea40a1735f33b36b8.json,8192,512,512,0x510512E3 [Sun Jan 27 11:43:31 2013 UTC],4194304,98304,34112,258,1,1,1,2
45a2ea5226c1ce11e8955c99d5b58fd3baa66fb53436be63cb099e96ef30db43.json,8192,512,512,0x513E1D7A [Mon Mar 11 18:07:54 2013 UTC],4194304,98304,34112,258,1,1,1,2
48437fe7d7d0c5fbde340e1392662f7fc421fc05d7c9824f71160475105ad999.json,8192,512,512,0x517FD548 [Tue Apr 30 14:29:28 2013 UTC],4194304,147456,34112,258,0,1,1,2
4f131095ba56f6d3621a007985ac758d780b0c837f554f6e44d535ed55d33af1.json,8192,512,512,0x53F2844B [Mon Aug 18 22:55:07 2014 UTC],4194304,17809408,34112,258,1,1,1,2
508c7691d535102538aaa6dce32d750c2492dada36506a390c1959f261a0244b.json,8192,512,512,0x51780CE1 [Wed Apr 24 16:48:33 2013 UTC],4194304,122880,34112,258,0,1,1,2
50d11ad32eb72b128185a0aecf39be8085b6b1a8f30cb41d8bc177a1ff8f3067.json,4096,512,1024,0x521E4250 [Wed Aug 28 18:32:48 2013 UTC],4194304,188416,32768,259,0,0,0,4
550a33353730579a7d2b9276cc3b66ca252a59e198285c732fcda46513351c03.json,8192,512,512,0x51FBE35B [Fri Aug  2 16:50:35 2013 UTC],4194304,1318912,34112,258,1,1,1,2
5ac9f4e25ef4002274496e18ea537b4c582a3acf3126cc1830a63941d9c91e64.json,8192,512,512,0x53FCE07E [Tue Aug 26 19:31:10 2014 UTC],4194304,49152,34112,258,0,1,1,2
5d1e81f5a4fca25b7afb18eb906c9a53965d81dcf62f9d91499baf03229a8de8.json,8192,512,512,0x53F92177 [Sat Aug 23 23:19:19 2014 UTC],268435456,114688,34112,8450,0,1,1,2
5fb4ae33cac8b2b74e63fc639eeb969a660ef9a7e8310c2769acc925122f047e.json,8192,512,512,0x53FCDAA1 [Tue Aug 26 19:06:09 2014 UTC],4194304,49152,34112,258,0,1,1,2
616a25378f70474bcb3ad0fad2f1383009c5b7b3cea937be2a5234a110d64b78.json,4096,512,1024,0x5071B94E [Sun Oct  7 17:18:06 2012 UTC],4194304,77824,33088,258,0,0,1,4
634685e43e9f73343cb337ec64a8679485e1ddb4c2de5ecb6a5746aa5ddb1b72.json,4096,512,1024,0x45121813 [Thu Sep 21 04:41:55 2006 UTC],16777216,77824,32768,271,0,0,0,3
6474f74340e7199919e7532c6756cf459cd20c3391852d80b058eb7997a31e9f.json,8192,512,512,0x521211E7 [Mon Aug 19 12:39:03 2013 UTC],4194304,1318912,34112,258,1,1,1,2
650f143ac0a668536b6750a628ec51e7ca28f5520105eeb87308f557cd74e63c.json,8192,512,512,0x51767B16 [Tue Apr 23 12:14:14 2013 UTC],4194304,2531328,34112,258,1,1,1,2
65509837e15b6a914b611c2d5066ba06ded39b0bed288552e65df20610e35976.json,8192,512,512,0x521211E7 [Mon Aug 19 12:39:03 2013 UTC],4194304,1318912,34112,258,1,1,1,2
67a2b9c32653161fafaea231b6661d9d797bb0964c79c9ee46cf2bf76571ed45.json,8192,512,512,0x54195AB3 [Wed Sep 17 09:56:03 2014 UTC],4194304,10248192,34112,2,0,1,1,2
6888723e56f2e7696ac1e1910f68a1d54d7c76e9eb8e69554980b04e881e0e86.json,8192,512,512,0x53FCE0DE [Tue Aug 26 19:32:46 2014 UTC],4194304,17825792,34112,258,1,1,1,2
7199acca3d851889efa4a5a42b3f55010f4916294201ce5ad20c76898200ffa9.json,8192,512,512,0x521211E7 [Mon Aug 19 12:39:03 2013 UTC],4194304,1359872,34112,258,1,1,1,2
75b77606175ee696395f1b0e6850d5cd6596e34f74804b30c9bf9e368ebcd299.json,8192,512,512,0x51796ACD [Thu Apr 25 17:41:33 2013 UTC],4194304,122880,34112,258,0,1,1,2
7890a726603edcd70b6e6f3de367cf891131d833d14c506b26e07935a715048f.json,4096,512,1024,0x528DBAC9 [Thu Nov 21 07:48:25 2013 UTC],4194304,1077248,33088,258,1,0,1,4
79ca080a152bd44f9b07af0f940c303e45e10d516633384f5b3d34a29d0d03c8.json,8192,512,512,0x53FCD705 [Tue Aug 26 18:50:45 2014 UTC],4194304,49152,34112,258,0,1,1,2
7b9fd4b9b36cf84fcbcb3e9bf589d8a51c2166558baf462ab312929fbb584642.json,4096,512,1024,0x4A310B42 [Thu Jun 11 13:48:50 2009 UTC],16777216,196608,33088,258,1,1,1,3
80ed4e7a242ee3d1c2656affb04cd56e7262e5a6bf2bec2f8435aa3f47c9b5d1.json,4096,512,1024,0x521D1F5B [Tue Aug 27 21:51:23 2013 UTC],4194304,450560,33088,258,0,0,1,4
8129345ce66643d880a3e01e607399279dec7bf9cadc06d9b26134f6d205ed06.json,4096,4096,4096,0x41D2F254 [Wed Dec 29 18:07:16 2004 UTC],4194304,1921024,0,271,1,1,6,0
8813bd0b4ad6c6155b571c9c1fbcabfeed3812ab8fbd9acd8372385094aaa565.json,8192,512,512,0x510512E3 [Sun Jan 27 11:43:31 2013 UTC],4194304,90112,34112,258,1,1,1,2
8f02dfd900760cb2c84e4f5a859512f5d719daae063a719c956cbf6185004da5.json,8192,512,512,0x53FCD73E [Tue Aug 26 18:51:42 2014 UTC],4194304,17825792,34112,258,1,1,1,2
8f9a45ba73c67ba9c4958ea49508c350a0e1c3caf476ccab2fb8cb3049e3ba46.json,8192,512,512,0x51BFABE3 [Tue Jun 18 00:37:55 2013 UTC],4194304,122880,34112,258,0,1,1,2
902f2391b1075e14985bc91316c98cdcf3442ecaeb3ef12422813f946ab8409e.json,8192,512,512,0x521F00BA [Thu Aug 29 08:05:14 2013 UTC],5368709120,32768,34112,34,0,0,0,2
9801f7c552cbcf8c413dade920b96be2eaad9624ba4adaf17f80f815dac58974.json,8192,512,512,0x5192562E [Tue May 14 15:20:14 2013 UTC],4194304,122880,34112,258,0,1,1,2
9aec3f14ec69e9942a7d3075bb5479dc5fa61e6c2a03cbee1a9269264efac51c.json,8192,512,512,0x53FCD72D [Tue Aug 26 18:51:25 2014 UTC],4194304,49152,34112,258,0,1,1,2
9ba06cb9dcd05e6866ee0e9ecc0c9a480d5b6c8d177ef1907d7fcc02e2871806.json,8192,512,512,0x51DF8C55 [Fri Jul 12 04:55:49 2013 UTC],4194304,49152,34112,258,0,1,1,2
9ebbd300ddf70bccbecfe3bf47898e5959cfc090cef8716e2e638d840a24007b.json,8192,512,512,0x53FCE08C [Tue Aug 26 19:31:24 2014 UTC],4194304,17825792,34112,258,1,1,1,2
a321158d7f5be572ac5536ad57cb4a312bea52430b03da9dda97f4548a080bc3.json,8192,512,512,0x53084F4E [Sat Feb 22 07:18:38 2014 UTC],4194304,32768,34112,258,0,1,1,2
aa23c55bed562cbf47c84092d0a35b0da35e3db3982a18a28fb45ca70ac6b399.json,8192,512,512,0x517B739F [Sat Apr 27 06:43:43 2013 UTC],4194304,8134656,34112,258,1,1,1,2
aa7ac2a053ceba819fcd1c8b273db64296c2754a8101291870e142519c416b1b.json,8192,512,512,0x521211E7 [Mon Aug 19 12:39:03 2013 UTC],4194304,1359872,34112,258,1,1,1,2
abb0ebd57cf2b0d54cd2b01fd9b11ccd9ed68053174d131922811a9ad22459ea.json,8192,512,512,0x53FE61BC [Wed Aug 27 22:54:52 2014 UTC],268435456,40960,34112,8450,0,1,1,2
ac272bd9701c5d9cb7e8d1a4e2a191a894e98aa463fb17628c52da16612627d8.json,8192,512,512,0x51A53DC2 [Tue May 28 23:29:06 2013 UTC],4194304,565248,34112,258,0,1,1,2
ad06e03fdd9eff480ca623ea23ec87c794d99ae6dda308c979fa5173b2b8a514.json,4096,512,1024,0x4A3A2AFF [Thu Jun 18 11:54:39 2009 UTC],16777216,196608,33088,258,1,1,1,3
ad5fbf8e381d92225aa6c022e2bbc175be0e33138b5fa4bbb508b970b33bbc1e.json,8192,512,512,0x54123A1D [Fri Sep 12 00:11:09 2014 UTC],4194304,32768,34112,258,0,1,1,2
ad71283aadb2455f7a1cd4e8283c789599c33d328da44965f6c282f2e600e1b2.json,4096,512,1024,0x50D6A1F7 [Sun Dec 23 06:17:27 2012 UTC],4194304,81920,33088,258,0,0,1,4
aebac79b820891510b9e14ef97892875bf4197797ca91aef149acdc1e6bf6a7c.json,8192,512,512,0x53FCE0D5 [Tue Aug 26 19:32:37 2014 UTC],4194304,49152,34112,258,0,1,1,2
af8deedc78097c387926bb95ebd6ab2a870349794f452f35f84132b0dbe12e09.json,8192,512,512,0x5414825B [Sat Sep 13 17:43:55 2014 UTC],268435456,122880,34112,8450,0,1,1,2
b18f80a02d45eaed618993447c82916ad8802e552dddccf733a3698794d8cb9d.json,8192,512,512,0x53FE61BC [Wed Aug 27 22:54:52 2014 UTC],268435456,65536,34112,8450,0,1,1,2
b275caf4cbc4f47b3d772886172438b81a2e11ff5a8683be488de4b219b39070.json,8192,512,512,0x53F251E7 [Mon Aug 18 19:20:07 2014 UTC],4194304,204800,34112,258,0,1,1,2
b42ef5f39aaf6e52ff4e0510b6e5c3fb5c84bf35befcde8bcc18dc86bccbdfb4.json,8192,512,512,0x5393254F [Sat Jun  7 14:44:31 2014 UTC],4194304,204800,34112,258,0,1,1,2
b49706b7d5432a368070ee58aa8776cce1ddc2098e863b1b7b36d7b7d79fe6a9.json,8192,512,512,0x520FA2E6 [Sat Aug 17 16:20:54 2013 UTC],4194304,1359872,34112,258,1,1,1,2
b4d4c421bc70e5a3345d4b8c9d1090ff16ff82870bd38216bb8bac7f1088dafb.json,8192,512,512,0x53FCD713 [Tue Aug 26 18:50:59 2014 UTC],4194304,17825792,34112,258,1,1,1,2
b99cddd428e78ede109c7bd3683c374ac6010a15c0633939511e39c1ed99f621.json,8192,512,512,0x5415CABF [Sun Sep 14 17:05:03 2014 UTC],4194304,57344,34112,258,0,1,1,2
bb2b135c7a9b366ec7090404761a9ee9e7c03c56d68165a6789a29e804104068.json,4096,512,1024,0x501A8288 [Thu Aug  2 13:37:12 2012 UTC],4194304,253952,33088,258,0,0,1,4
be4cc2d1504002107a77bb943ad2d22c205cdcc6ad4804c0440970e5e922d30d.json,8192,512,512,0x521F012C [Thu Aug 29 08:07:08 2013 UTC],4194304,40960,34112,258,0,1,1,2
bf7746d29330b666d82b153989d41406305572b92f6b24a1f1adef6374b58328.json,8192,512,512,0x51767B16 [Tue Apr 23 12:14:14 2013 UTC],4194304,2531328,34112,258,1,1,1,2
bfa66edd0d9ae2c8179893ee881f479b37dce0ce8220a8a18e1b42a879ddff4a.json,8192,512,512,0x521211E7 [Mon Aug 19 12:39:03 2013 UTC],4194304,1318912,34112,258,1,1,1,2
c11a244cba9da30173ff1dcb755a377c3b2b1f99cd15a887041937b086113ebd.json,4096,512,1024,0x52B53D06 [Sat Dec 21 07:02:30 2013 UTC],4194304,450560,33088,258,0,0,1,4
c1c1e5b43b1ac9af79aafa59a6062468142afc2278b6fea0bb4dbbb83af65d06.json,4096,512,1024,0x50AD2764 [Wed Nov 21 19:11:32 2012 UTC],4194304,286720,33088,258,1,1,3,4
c30a2fe22050dcac30616a3d27d5c92ea2815d060b365747984913758a209aaa.json,8192,512,512,0x521211E7 [Mon Aug 19 12:39:03 2013 UTC],4194304,1359872,34112,258,1,1,1,2
c74df42cfc7c7221f7f28c67bd726a1caad8453fc35daddfb094aaeede2e8e1e.json,4096,512,1024,0x53B11363 [Mon Jun 30 07:36:03 2014 UTC],4194304,479232,33088,258,0,0,1,4
c9010e060de6a83c3802ed4e6b7f544e6eb2b5420ee2be5c71646e6a27182bea.json,8192,512,512,0x53AEA6AF [Sat Jun 28 11:27:43 2014 UTC],4194304,204800,34112,258,0,1,1,2
c901d84878f50a93ab76f2ea31763bebb0acf0c0f9ad86b3abf98e5cde499332.json,4096,512,1024,0x4FEBF06C [Thu Jun 28 05:49:32 2012 UTC],4194304,172032,33088,258,0,0,1,4
c99fa90038cec60d9aa21a49e537ad9ea55672ed78cf5b429cb4c75ebc5ccd69.json,8192,512,512,0x513E1D7A [Mon Mar 11 18:07:54 2013 UTC],4194304,98304,34112,258,1,1,1,2
c9fc8133e755c14cb02872ba05a2332baefe5e94797479aded46c3db83a7cc14.json,8192,512,512,0x516FC8C9 [Thu Apr 18 10:19:53 2013 UTC],4194304,147456,34112,258,0,1,1,2
ca7138bfe08b480386653072482e58f6c48b05a1e7fb8a82cc042806eae9acc2.json,8192,512,512,0x53A82CF4 [Mon Jun 23 13:34:44 2014 UTC],4194304,196608,34112,258,0,1,1,2
caa769a21bf97987de4cc92874eaa03e7b0538082c502606aa8ca97823e2e2aa.json,8192,512,512,0x53AEA6AF [Sat Jun 28 11:27:43 2014 UTC],4194304,196608,34112,258,0,1,1,2
cd75664edea18e3aa303763e6f6c639b3e90ead4b51c2b3e41c808e3d968c848.json,8192,512,512,0x53F251E7 [Mon Aug 18 19:20:07 2014 UTC],4194304,204800,34112,258,0,1,1,2
cffba2a145d91bdecfa8cb32af6964576889faa04591b503a58507cf89ab7cae.json,8192,512,512,0x51FBE35B [Fri Aug  2 16:50:35 2013 UTC],4194304,1359872,34112,258,1,1,1,2
d045ea925cf461da5c58cc2af8a0f96ec7c961ea62ffcf1de0b04abf9b0fa8ac.json,8192,512,512,0x53FCDB30 [Tue Aug 26 19:08:32 2014 UTC],4194304,49152,34112,258,0,1,1,2
d11b504b18bc8615e98f3c37d98c6fe11216a0f070a056414ca4407fc298fbd6.json,4096,512,1024,0x50B70C4C [Thu Nov 29 07:18:36 2012 UTC],4194304,450560,33088,258,0,0,2,4
d3c2488d321ca6760986fc1a55a3c1db3f7b215fc2883d7e4fabc2871b5a27ac.json,4096,4096,4096,0x4EE3521E [Sat Dec 10 12:35:42 2011 UTC],4194304,319488,0,271,0,0,0,4
d4e54c1bc1efba20d75861c01bb2cc053b1ab9fadae29bf6c4c04528110056e6.json,8192,512,512,0x513E1D7A [Mon Mar 11 18:07:54 2013 UTC],4194304,98304,34112,258,1,1,1,2
d5d1fa5b5474089e59c05ca88a96257d4449d852b429c620aa773408bd48d067.json,8192,512,512,0x521211E7 [Mon Aug 19 12:39:03 2013 UTC],4194304,1318912,34112,258,1,1,1,2
d8c7aef47bac024188d929e749e90ac172fd51b8f6e16dec4b6635dc2ffa85ef.json,8192,512,512,0x53F92179 [Sat Aug 23 23:19:21 2014 UTC],268435456,65536,34112,8450,0,1,1,2
dc21a2189f9e2d63872c0b5ee7ec75316799c60eb018ba9b98398b69efe45365.json,8192,512,512,0x53F92178 [Sat Aug 23 23:19:20 2014 UTC],268435456,40960,34112,8450,0,1,1,2
dc22e4b5ef752d3ec47d7bb3de7534e4a2daa2642de8c9839ad262d33a7aa7dc.json,4096,512,1024,0x540CA31E [Sun Sep  7 18:25:34 2014 UTC],4194304,2486272,33088,258,1,0,1,4
e180f933aad709883acde441ee64407d49fa4183ae5130480005a0e81a0de491.json,8192,512,512,0x540602FB [Tue Sep  2 17:48:43 2014 UTC],268435456,122880,34112,8450,0,1,1,2
e250bce96e5f0c162dbe4d87a1a7d65deb910f59c0bea1140897c22eb9dca501.json,8192,512,512,0x520FA2E6 [Sat Aug 17 16:20:54 2013 UTC],4194304,1318912,34112,258,1,1,1,2
e2e9d60c76225db77668440ff698eacef48b544ffab1ae0c641dcedb5ad570bd.json,4096,512,1024,0x53B11363 [Mon Jun 30 07:36:03 2014 UTC],4194304,479232,33088,258,0,0,1,4
e339c7b77113f1a1c4c2f7e307b785cc4fc9145663fe3a612079240efcc9ac93.json,8192,512,512,0x53DD096C [Sat Aug  2 15:53:16 2014 UTC],4194304,204800,34112,258,0,1,1,2
e3b38627d9e94a7e084e12cbd2acf7e66ce90021972061f8b9b61316eddb3bd6.json,4096,512,4096,0x50A21A5D [Tue Nov 13 10:01:01 2012 UTC],4194304,2322432,0,271,1,1,2,1
e401340020688cdd0f5051b7553815eee6bc04a5a962900883f1b3676bf1de53.json,4096,512,1024,0x52226975 [Sat Aug 31 22:08:53 2013 UTC],4194304,389120,33088,258,0,0,1,4
e4d43cd20d4ea59f68c26d46c30e1819cac5b9552d27fce826b0855494018267.json,4096,512,1024,0x4F591CFF [Thu Mar  8 20:56:31 2012 UTC],4194304,2048000,32832,271,1,1,5,1
e509843b2c061fa5e6ea7d11554bb22f36e6b79b7cd5cc0639ff63d48ce66336.json,8192,512,512,0x541A09B7 [Wed Sep 17 22:22:47 2014 UTC],4194304,122880,34112,258,0,1,1,2
ed85c3f8d2cccbb6a0ec2b4b27b158b4dbc6885245081901dd51eb2266f4b2bf.json,4096,512,1024,0x49963E64 [Sat Feb 14 03:45:40 2009 UTC],16777216,196608,33088,258,1,1,1,3
ee33dd17802ca906fcc68815ff2a7d12ac7fab7f1c272a56444e4fd6715a6227.json,8192,512,512,0x517FE064 [Tue Apr 30 15:16:52 2013 UTC],4194304,147456,34112,258,0,1,1,2
eea0dcabaabef075081e23fc91b84e07042117bb0362e59f11b17338108d0c1b.json,4096,512,1024,0x51657208 [Wed Apr 10 14:07:04 2013 UTC],4194304,253952,33088,258,0,0,1,4
f7e1a74e08c5718de9edc57facc26dda97ae5b723420a06ef56f1f6f8aa6fb5a.json,4096,512,1024,0x521473A1 [Wed Aug 21 08:00:33 2013 UTC],4194304,450560,33088,258,0,0,1,4
fbc531e83359310e2940ffff180a26e28d55396710c748e2ae7e64357273a09d.json,8192,512,512,0x51AEEF0E [Wed Jun  5 07:55:58 2013 UTC],4194304,32768,34112,258,0,1,1,2
fd4a9af7ba67f794a83a720539666e89f288686a432b5c7133033a2ebde266cc.json,4096,512,1024,0x51CABD03 [Wed Jun 26 10:05:55 2013 UTC],4194304,94208,32768,259,0,0,0,4
