FileName,SectionAlignment,FileAlignment,SizeOfHeaders,TimeDateStamp,ImageBase,SizeOfImage,SizeOfHeaders,DllCharacteristics,Characteristics,HighEntropy,LowEntropy,TotalSuspiciousSections,TotalNonSuspiciousSections
VirusShare_001dd76872d80801692ff942308c64e6.json,4096,512,1024,0x4CCFCD6C [Tue Nov  2 08:35:56 2010 UTC],4194304,77824,1024,0,271,0,0,0,3
VirusShare_002325a0a67fded0381b5648d7fe9b8e.json,4096,512,1024,0x4CD24D8F [Thu Nov  4 06:07:11 2010 UTC],4194304,81920,1024,0,271,0,0,0,4
VirusShare_00dbb9e1c09dbdafb360f3163ba5a3de.json,512,512,1024,0x5022F5F9 [Wed Aug  8 23:27:53 2012 UTC],4194304,65024,1024,0,271,0,1,1,1
VirusShare_0149b7bd7218aab4e257d28469fddb0d.json,4096,512,1024,0x4DE35569 [Mon May 30 08:29:29 2011 UTC],4194304,2035712,1024,0,271,0,0,0,4
VirusShare_01e0dc079d4e33d8edd050c4900818da.json,4096,4096,4096,0x4F5EC36D [Tue Mar 13 03:47:57 2012 UTC],4194304,135168,4096,0,271,0,0,0,3
VirusShare_02c65973b6018f5d473d701b3e7508b2.json,4096,512,1024,0x4F8D2A09 [Tue Apr 17 08:30:01 2012 UTC],4194304,114688,1024,33088,258,0,0,1,4
VirusShare_034374db2d35cf9da6558f54cec8a455.json,4096,512,1024,0x48CF7A5F [Tue Sep 16 09:20:31 2008 UTC],4194304,90112,1024,0,271,0,0,0,3
VirusShare_0496e3b17cf40c45f495188a368c203a.json,4096,512,1024,0x4F506849 [Fri Mar  2 06:27:21 2012 UTC],4194304,32768,1024,0,271,0,0,0,4
VirusShare_052ec04866e4a67f31845d656531830d.json,4096,512,1024,0x4CD24D8F [Thu Nov  4 06:07:11 2010 UTC],4194304,81920,1024,0,271,0,0,0,4
VirusShare_065e63afdfa539727f63af7530b22d2f.json,4096,512,1024,0x4D889D4B [Tue Mar 22 12:59:55 2011 UTC],4194304,90112,1024,0,271,0,0,0,4
VirusShare_0908d8b3e459551039bade50930e4c1b.json,4096,512,1024,0x4E1A702E [Mon Jul 11 03:38:22 2011 UTC],4194304,180224,1024,33088,258,0,0,1,4
VirusShare_09531f851ef74a7238685fd287a395bd.json,4096,512,1024,0x4A812E10 [Tue Aug 11 08:38:40 2009 UTC],4194304,28672,1024,0,271,0,1,0,4
VirusShare_097b5abb53a3d84fa9eabda02fef9e91.json,4096,512,1024,0x4A7165C4 [Thu Jul 30 09:20:04 2009 UTC],4194304,20480,1024,0,271,0,0,0,3
VirusShare_0b506c6dde8d07f9eeb82fd01a6f97d4.json,4096,512,1024,0x4EE574CF [Mon Dec 12 03:28:15 2011 UTC],4194304,204800,1024,33088,258,0,0,1,4
VirusShare_0b680e7bd5c0501d5dd73164122a7faf.json,4096,512,1024,0x4C21624F [Wed Jun 23 01:24:31 2010 UTC],4194304,32768,1024,0,271,0,0,0,3
VirusShare_0c28ad34f90950bc784339ec9f50d288.json,4096,4096,4096,0x4E94F432 [Wed Oct 12 01:58:10 2011 UTC],4194304,155648,4096,0,271,0,0,0,3
VirusShare_0c5e9f564115bfcbee66377a829de55f.json,4096,512,1024,0x50A5ECBA [Fri Nov 16 07:35:22 2012 UTC],4194304,24576,1024,0,271,0,0,0,3
VirusShare_0ca6e2ad69826c8e3287fc8576112814.json,4096,512,1024,0x490524E8 [Mon Oct 27 02:18:16 2008 UTC],4194304,28672,1024,0,271,0,1,0,4
VirusShare_0cf9e999c574ec89595263446978dc9f.json,4096,512,1024,0x502CA6E7 [Thu Aug 16 07:53:11 2012 UTC],4194304,311296,1024,0,271,1,0,0,4
VirusShare_0d0240672a314a7547d328f824642da8.json,4096,4096,4096,0x4A549F86 [Wed Jul  8 13:30:46 2009 UTC],268435456,53248,4096,0,8462,0,0,1,3
VirusShare_0dd3677594632ce270bcf8af94819caf.json,4096,512,1024,0x4ECA45E3 [Mon Nov 21 12:36:51 2011 UTC],4194304,28672,1024,0,271,0,0,0,4
VirusShare_11504971bb85cdacb8ef7d45e6e2aeb7.json,4096,4096,4096,0x4EB50186 [Sat Nov  5 09:27:34 2011 UTC],4194304,217088,4096,0,270,1,1,3,3
VirusShare_120c2e085992ff59a21ba401ec29fec9.json,4096,512,1024,0x4D96E767 [Sat Apr  2 09:07:51 2011 UTC],268435456,36864,1024,0,8462,0,0,1,4
VirusShare_123505024f9e5ff74cb6aa67d7fcc392.json,4096,512,1024,0x4F684CD1 [Tue Mar 20 09:24:33 2012 UTC],4194304,208896,1024,33088,258,0,0,1,3
VirusShare_1328eaceb140a3863951d18661b097af.json,4096,512,1024,0x45084BE2 [Wed Sep 13 18:20:18 2006 UTC],4194304,188416,1024,0,271,1,0,1,3
VirusShare_13f0b56c28995e4efc8da784ad862853.json,4096,512,1024,0x48AE0BA4 [Fri Aug 22 00:43:16 2008 UTC],4194304,16384,1024,0,271,0,0,0,3
VirusShare_1415eb8519d13328091cc5c76a624e3d.json,4096,512,1024,0x4DE35569 [Mon May 30 08:29:29 2011 UTC],4194304,2035712,1024,0,271,0,0,0,4
VirusShare_15244d2321faa3a271ff0b1e5a23148f.json,4096,512,1024,0x503C7488 [Tue Aug 28 07:34:32 2012 UTC],268435456,65536,1024,0,8462,0,0,1,4
VirusShare_15901ddbccc5e9e0579fc5b42f754fe8.json,4096,512,1024,0x4905C6B5 [Mon Oct 27 13:48:37 2008 UTC],1895825408,102400,1024,0,8450,0,0,1,4
VirusShare_165ef79e7caa806f13f82cc2bbf3dedd.json,4096,512,1024,0x4E24E401 [Tue Jul 19 01:55:13 2011 UTC],4194304,36864,1024,0,271,0,0,0,3
VirusShare_17199ddac616938f383a0339f416c890.json,4096,4096,4096,0x4F4CF457 [Tue Feb 28 15:35:51 2012 UTC],268435456,53248,4096,0,8462,0,0,1,3
VirusShare_173cd315008897e56fa812f2b2843f83.json,4096,512,1024,0x4508BE5E [Thu Sep 14 02:28:46 2006 UTC],4194304,24576,1024,0,271,0,0,0,4
VirusShare_17f5a2e0997b59449ca2120b20b5b7ce.json,4096,512,1024,0x4B73A75E [Thu Feb 11 06:44:46 2010 UTC],4194304,28672,1024,0,271,0,0,0,4
VirusShare_1a0c7e61bcc50d57b7bcf9d9af691de5.json,4096,4096,4096,0x4A973E3A [Fri Aug 28 02:17:30 2009 UTC],268435456,53248,4096,0,8462,0,0,1,3
VirusShare_1c16bd1488163c03cd506c2f71486a0f.json,4096,512,1024,0x4CA1A2C5 [Tue Sep 28 08:09:41 2010 UTC],4194304,4030464,1024,0,271,0,0,0,3
VirusShare_1ca3ca9ec20474d07fc798f2b41e2625.json,4096,512,1024,0x4D9EC1A2 [Fri Apr  8 08:04:50 2011 UTC],4194304,16384,1024,0,271,0,0,0,3
VirusShare_1ce4605e771a04e375e0d1083f183e8e.json,4096,512,1024,0x498A91B9 [Thu Feb  5 07:14:01 2009 UTC],4194304,28672,1024,0,271,0,0,0,4
VirusShare_1e314c972075b8058099fd8759c11ce8.json,4096,512,1024,0x4B69325A [Wed Feb  3 08:22:50 2010 UTC],4194304,667648,1024,0,271,1,0,0,4
VirusShare_1e5ec6c06e4f6bb958dcbb9fc636009d.json,4096,512,1024,0x4D908EA7 [Mon Mar 28 13:35:35 2011 UTC],4194304,16384,1024,0,271,0,1,0,2
VirusShare_1ea61a0945bde3c6f41e12bc01928d37.json,4096,4096,4096,0x4FA73F35 [Mon May  7 03:19:17 2012 UTC],4194304,81920,4096,0,271,0,0,0,3
VirusShare_1f2eb7b090018d975e6d9b40868c94ca.json,4096,512,1024,0x4B50A3F8 [Fri Jan 15 17:20:56 2010 UTC],4194304,20480,1024,0,271,0,0,0,4
VirusShare_1f92ff8711716ca795fbd81c477e45f5.json,4096,512,1024,0x4CBFE2DD [Thu Oct 21 06:51:09 2010 UTC],4194304,24576,1024,0,271,0,0,0,4
VirusShare_225e33508861984dd2a774760bfdfc52.json,4096,512,1024,0x48B5132F [Wed Aug 27 08:41:19 2008 UTC],4194304,45056,1024,0,271,0,0,0,3
VirusShare_23059de2797774bbdd9b21f979aaec51.json,4096,512,1024,0x4D2BBF5E [Tue Jan 11 02:24:30 2011 UTC],4194304,36864,1024,0,271,0,0,0,3
VirusShare_24259ae8b0018b0ce9992fb1d9b69e2a.json,4096,512,1024,0x4EB7F248 [Mon Nov  7 14:59:20 2011 UTC],4194304,1163264,1024,0,270,1,1,3,3
VirusShare_2479a9a50308cb72fcd5e4e18ef06468.json,4096,512,1024,0x47D7CF02 [Wed Mar 12 12:39:30 2008 UTC],268435456,53248,1024,0,8462,0,0,1,3
VirusShare_268988aa1df82ab073f527b5b6c8bff7.json,4096,512,1024,0x499A8616 [Tue Feb 17 09:40:38 2009 UTC],4194304,352256,1024,0,271,1,0,1,3
VirusShare_268eef019bf65b2987e945afaf29643f.json,4096,512,1024,0x4964633D [Wed Jan  7 08:09:33 2009 UTC],268435456,634880,1024,0,8462,0,0,1,3
VirusShare_270d42f292105951ee81e4085ea45054.json,4096,512,1024,0x4E9CCF29 [Tue Oct 18 00:58:17 2011 UTC],4194304,28672,1024,0,271,0,0,0,4
VirusShare_277964807a66aeeb6bd81dbfcaa3e4e6.json,4096,512,1024,0x4E780D98 [Tue Sep 20 03:50:48 2011 UTC],268435456,98304,1024,0,8462,0,0,1,4
VirusShare_29c691978af80dc23c4df96b5f6076bb.json,4096,512,1024,0x496EADC3 [Thu Jan 15 03:30:11 2009 UTC],4194304,86016,1024,0,271,0,0,0,4
VirusShare_2b659d71ae168e774faaf38db30f4a84.json,4096,512,1024,0x4E40ECA1 [Tue Aug  9 08:15:29 2011 UTC],4194304,4030464,1024,0,271,0,0,0,3
VirusShare_2ba0d0083976a5c1e3315413cdcffcd2.json,4096,512,1024,0x4A0C5108 [Thu May 14 17:12:40 2009 UTC],4194304,20480,1024,0,271,0,0,0,4
VirusShare_2c49f47c98203b110799ab622265f4ef.json,4096,512,1024,0x4F508897 [Fri Mar  2 08:45:11 2012 UTC],4194304,32768,1024,0,271,0,0,0,4
VirusShare_2daa4a4574ba06aa3203ae0e0b45b3b8.json,4096,512,1024,0x4FD34D79 [Sat Jun  9 13:19:53 2012 UTC],4194304,299008,1024,34048,259,1,1,1,4
VirusShare_2dd892986b2249b5214639ecc8ac0223.json,4096,512,1024,0x4A0C5108 [Thu May 14 17:12:40 2009 UTC],4194304,20480,1024,0,271,0,0,0,4
VirusShare_2f930d92dc5ebc9d53ad2a2b451ebf65.json,4096,512,1024,0x4CCFCD6C [Tue Nov  2 08:35:56 2010 UTC],4194304,77824,1024,0,271,0,0,0,3
VirusShare_2fccaa39533de02490b1c6395878dd79.json,4096,512,1024,0x4E92FE59 [Mon Oct 10 14:16:57 2011 UTC],4194304,90112,1024,0,271,0,0,0,4
VirusShare_30e78d186b27d2023a2a7319bb679c3f.json,4096,512,1024,0x498A924C [Thu Feb  5 07:16:28 2009 UTC],4194304,24576,1024,0,271,0,0,0,3
VirusShare_3107de21e480ab1f2d67725f419b28d0.json,4096,512,1024,0x4EE574CF [Mon Dec 12 03:28:15 2011 UTC],4194304,204800,1024,33088,258,0,0,1,4
VirusShare_3120fc8630c5252002f26f6e11b09eca.json,4096,4096,4096,0x4ED37F47 [Mon Nov 28 12:32:07 2011 UTC],4194304,143360,4096,0,271,0,0,0,4
VirusShare_31e5e58dbdfad05175613e795298ebb5.json,4096,512,1024,0x4D6DF468 [Wed Mar  2 07:40:24 2011 UTC],4194304,192512,1024,34048,259,0,1,1,4
VirusShare_321d75c9990408db812e5a248a74f8c8.json,4096,4096,4096,0x4FD5E680 [Mon Jun 11 12:37:20 2012 UTC],4194304,131072,4096,0,271,0,0,0,3
VirusShare_33de5067a433a6ec5c328067dc18ec37.json,4096,512,1024,0x4740CFB5 [Sun Nov 18 23:50:13 2007 UTC],4194304,20480,1024,0,271,0,0,0,4
VirusShare_36c0d3f109aede4d76b05431f8a64f9e.json,4096,512,1024,0x498A91B9 [Thu Feb  5 07:14:01 2009 UTC],4194304,28672,1024,0,271,0,0,0,4
VirusShare_36cd49ad631e99125a3bb2786e405cea.json,4096,512,1024,0x4D0983FF [Thu Dec 16 03:14:07 2010 UTC],268435456,65536,1024,0,8462,0,0,1,4
VirusShare_36d5c8fc4b14559f73b6136d85b94198.json,4096,512,1024,0x4CA1A2C5 [Tue Sep 28 08:09:41 2010 UTC],4194304,4030464,1024,0,271,0,0,0,3
VirusShare_37ddd3d72ead03c7518f5d47650c8572.json,4096,512,1024,0x4E4DD379 [Fri Aug 19 03:07:37 2011 UTC],4194304,4034560,1024,0,271,0,0,0,4
VirusShare_37eee514b04167f8e17e2caa3bfd3049.json,4096,512,1024,0x4BC5F8DC [Wed Apr 14 17:18:20 2010 UTC],4194304,32768,1024,0,271,0,0,0,3
VirusShare_390d1f2a620912104f53c034c8aef14b.json,4096,512,1024,0x4FE92CBD [Tue Jun 26 03:30:05 2012 UTC],4194304,20480,1024,0,271,0,0,0,3
VirusShare_3b1b190407b868406c5c155a79f3d146.json,4096,512,1024,0x488FDF19 [Wed Jul 30 03:25:13 2008 UTC],268435456,65536,1024,0,8462,0,0,1,4
VirusShare_3c1b2fabb7d74bc5be0820eae4107f8a.json,4096,512,1024,0x4E31770A [Thu Jul 28 14:49:46 2011 UTC],4194304,24576,1024,0,271,0,0,0,4
VirusShare_3e69945e5865ccc861f69b24bc1166b6.json,4096,512,1024,0x4CBFE2DD [Thu Oct 21 06:51:09 2010 UTC],4194304,24576,1024,0,271,0,0,0,4
VirusShare_3e6ed3ee47bce9946e2541332cb34c69.json,4096,512,1024,0x4CBFE2DD [Thu Oct 21 06:51:09 2010 UTC],4194304,24576,1024,0,271,0,0,0,4
VirusShare_3e87051b1dc3463f378c7e1fe398dc7d.json,4096,512,1024,0x4CBD53BA [Tue Oct 19 08:15:54 2010 UTC],4194304,73728,1024,0,271,0,0,0,3
VirusShare_3f8682ab074a097ebbaadbf26dfff560.json,4096,512,1024,0x4DD26C02 [Tue May 17 12:37:22 2011 UTC],4194304,28672,1024,0,271,0,0,0,3
VirusShare_4192479b055b2b21cb7e6c803b765d34.json,4096,512,1024,0x4D8A04E2 [Wed Mar 23 14:34:10 2011 UTC],4194304,77824,1024,0,271,0,0,0,3
VirusShare_435991e0c67f0c0b4504355b6d4493f0.json,4096,512,1024,0x4E97F5E8 [Fri Oct 14 08:42:16 2011 UTC],4194304,20480,1024,0,271,0,0,0,3
VirusShare_438983192903f3fecf77500a39459ee6.json,4096,512,1024,0x4AFA5A9E [Wed Nov 11 06:33:02 2009 UTC],4194304,28672,1024,0,271,0,0,0,4
VirusShare_43b844c35e1a933e9214588be81ce772.json,4096,512,1024,0x46B935A2 [Wed Aug  8 03:16:50 2007 UTC],1895825408,102400,1024,0,8462,0,0,1,3
VirusShare_44066f29aab6a9379f8dd30f6bec257d.json,4096,512,1024,0x4E96A591 [Thu Oct 13 08:47:13 2011 UTC],4194304,24576,1024,0,271,0,0,0,4
VirusShare_468ff2c12cffc7e5b2fe0ee6bb3b239e.json,4096,512,1024,0x4D2BCCDA [Tue Jan 11 03:22:02 2011 UTC],4194304,770048,1024,0,271,0,0,0,3
VirusShare_471005f73280264c48f769e1c21fbcc1.json,4096,512,1024,0x4E97F5E8 [Fri Oct 14 08:42:16 2011 UTC],4194304,20480,1024,0,271,0,0,0,3
VirusShare_476fea8761a03bef16e322996c2f6666.json,4096,512,1024,0x50A25F6B [Tue Nov 13 14:55:39 2012 UTC],4194304,135168,1024,0,271,1,0,0,4
VirusShare_47e7f92419eb4b98ff4124c3ca11b738.json,4096,512,1024,0x48CF70E3 [Tue Sep 16 08:40:03 2008 UTC],4194304,20480,1024,0,271,0,0,0,4
VirusShare_4b19a2a6d40a5825e868c6ef25ae445e.json,4096,512,1024,0x4C247657 [Fri Jun 25 09:26:47 2010 UTC],4194304,28672,1024,0,271,0,0,0,3
VirusShare_4c6bddcca2695d6202df38708e14fc7e.json,4096,512,1024,0x4B693249 [Wed Feb  3 08:22:33 2010 UTC],268435456,663552,1024,0,8462,0,0,1,4
VirusShare_4c858a80df0d6de5d69824c9502b65cf.json,4096,512,1024,0x4F5EAF42 [Tue Mar 13 02:21:54 2012 UTC],4194304,32768,1024,0,271,0,0,0,4
VirusShare_4c9c9dbf388a8d81d8cfb4d3fc05f8e4.json,4096,512,1024,0x4CA1A2C5 [Tue Sep 28 08:09:41 2010 UTC],4194304,4030464,1024,0,271,0,0,0,3
VirusShare_4cabfaef26fd8e5aec01d0c4b90a32f3.json,4096,512,1024,0x4CA13E29 [Tue Sep 28 01:00:25 2010 UTC],268435456,77824,1024,0,8462,0,0,1,3
VirusShare_4e551abcd14506092a0f8d54a45f3569.json,4096,512,1024,0x4FD34D79 [Sat Jun  9 13:19:53 2012 UTC],4194304,536576,1024,34048,259,0,1,1,4
VirusShare_4f763b07a7b8a80f1f9408e590f79532.json,4096,512,1024,0x4F6AE6B2 [Thu Mar 22 08:45:38 2012 UTC],4194304,208896,1024,33088,258,0,0,1,3
VirusShare_50f35b7c86aede891a72fcb85f06b0b7.json,4096,512,1024,0x4E780B43 [Tue Sep 20 03:40:51 2011 UTC],4194304,114688,1024,0,271,0,0,0,3
VirusShare_5100f0a34695c4c9dc7e915177041cad.json,4096,512,1024,0x503CCA3D [Tue Aug 28 13:40:13 2012 UTC],4194304,106496,1024,0,271,0,0,0,3
VirusShare_51326bf40da5a5357a143dd9a6e6a11c.json,4096,512,1024,0x4DB8C13B [Thu Apr 28 01:22:03 2011 UTC],4194304,24576,1024,0,271,0,0,0,4
VirusShare_523cf1c9741f5f9d11388a58de6a83a4.json,4096,512,1024,0x4A6432B6 [Mon Jul 20 09:02:46 2009 UTC],4194304,24576,1024,0,271,0,0,0,4
VirusShare_523f56515221161579ee6090c962e5b1.json,4096,512,1024,0x4ECA45BE [Mon Nov 21 12:36:14 2011 UTC],4194304,28672,1024,0,271,0,0,0,4
VirusShare_53b263dd41838aa178a5ced338a207f3.json,4096,4096,4096,0x4FA73F35 [Mon May  7 03:19:17 2012 UTC],4194304,81920,4096,0,271,0,0,0,3
VirusShare_543e03cc5872e9ed870b2d64363f518b.json,4096,4096,4096,0x4ECAF7AA [Tue Nov 22 01:15:22 2011 UTC],4194304,131072,4096,0,271,0,0,0,3
VirusShare_54d5d171a482278cc8eacf08d9175fd7.json,4096,512,1024,0x46EE46FF [Mon Sep 17 09:21:03 2007 UTC],4194304,28672,1024,0,271,0,0,0,3
VirusShare_55886d571c2a57984ea9659b57e1c63a.json,4096,512,1024,0x4CCFCD6C [Tue Nov  2 08:35:56 2010 UTC],4194304,77824,1024,0,271,0,0,0,3
VirusShare_55fb1409170c91740359d1d96364f17b.json,4096,512,1024,0x498A91B9 [Thu Feb  5 07:14:01 2009 UTC],4194304,28672,1024,0,271,0,0,0,4
VirusShare_56de2854ef64d869b5df7af5e4effe3e.json,4096,512,1024,0x49B12ECA [Fri Mar  6 14:10:18 2009 UTC],4194304,28672,1024,0,271,0,0,0,3
VirusShare_57326cd78a56d26e349bbd4bcc5b9fa2.json,4096,4096,4096,0x4E23A440 [Mon Jul 18 03:10:56 2011 UTC],4194304,155648,4096,0,271,0,0,0,3
VirusShare_575836ebb1b8849f04e994e9160370e4.json,4096,512,1024,0x4CF75346 [Thu Dec  2 08:05:26 2010 UTC],4194304,49152,1024,0,271,0,0,0,3
VirusShare_57e79f7df13c0cb01910d0c688fcd296.json,4096,512,1024,0x4EC4B644 [Thu Nov 17 07:22:44 2011 UTC],4194304,24576,1024,0,271,0,0,0,4
VirusShare_5a728cb9ce56763dccb32b5298d0f050.json,4096,512,1024,0x4A705DF0 [Wed Jul 29 14:34:24 2009 UTC],268435456,659456,1024,0,8450,0,0,1,4
VirusShare_5aeaa53340a281074fcb539967438e3f.json,4096,512,1024,0x4CBFE2DD [Thu Oct 21 06:51:09 2010 UTC],4194304,24576,1024,0,271,0,0,0,4
VirusShare_5bcaa2f4bc7567f6ffd5507a161e221a.json,4096,512,1024,0x4F4CBF1B [Tue Feb 28 11:48:43 2012 UTC],4194304,28672,1024,0,271,0,0,0,4
VirusShare_5bd5a22d42c04db7ac1343a2a9f471fe.json,4096,4096,4096,0x4DD5C08D [Fri May 20 01:14:53 2011 UTC],4194304,151552,4096,0,271,0,0,0,3
VirusShare_5c4806b5859b35a3df03763e9c7ecbf6.json,4096,512,1024,0x499A8616 [Tue Feb 17 09:40:38 2009 UTC],4194304,352256,1024,0,271,1,0,1,3
VirusShare_5c6f30cc369cd164d44941d381e282cc.json,4096,512,1024,0x4E943E6E [Tue Oct 11 13:02:38 2011 UTC],4194304,786432,1024,0,271,0,1,0,4
VirusShare_5d8129be965fab8115eca34fc84bd7f0.json,4096,512,1024,0x48FE6FE5 [Wed Oct 22 00:12:21 2008 UTC],4194304,90112,1024,0,271,1,0,1,3
VirusShare_5e42780f52763c77d592044e535e4b01.json,4096,512,1024,0x4CE3DA7C [Wed Nov 17 13:37:00 2010 UTC],4194304,28672,1024,0,271,0,0,0,4
VirusShare_5ff3269faca4a67d1a4c537154aaad4b.json,4096,4096,4096,0x4FA73F35 [Mon May  7 03:19:17 2012 UTC],4194304,81920,4096,0,271,0,0,0,3
VirusShare_605c1dc91a5c85024160ce78dfac842d.json,4096,512,1024,0x4C9FFC27 [Mon Sep 27 02:06:31 2010 UTC],4194304,32768,1024,0,271,0,0,0,3
VirusShare_6377ec0c87f4ec1e7897751dd85d73d4.json,4096,512,1024,0x4E0A5817 [Tue Jun 28 22:39:19 2011 UTC],4194304,94208,1024,0,783,0,1,2,4
VirusShare_649d54bc9eef5a60a4b9d8b889fee139.json,4096,512,1024,0x4B737908 [Thu Feb 11 03:27:04 2010 UTC],4194304,69632,1024,0,271,0,1,0,3
VirusShare_65018cd542145a3792ba09985734c12a.json,4096,512,1024,0x4740CFB5 [Sun Nov 18 23:50:13 2007 UTC],4194304,20480,1024,0,271,0,0,0,4
VirusShare_650a6fca433ee243391e4b4c11f09438.json,4096,512,1024,0x4A0C5108 [Thu May 14 17:12:40 2009 UTC],4194304,20480,1024,0,271,0,0,0,4
VirusShare_6570163cd34454b3d1476c134d44b9d9.json,4096,512,1024,0x4CBFE2DD [Thu Oct 21 06:51:09 2010 UTC],4194304,24576,1024,0,271,0,0,0,4
VirusShare_6576c196385407b0f7f4b1b537d88983.json,4096,512,1024,0x4A0C5108 [Thu May 14 17:12:40 2009 UTC],4194304,20480,1024,0,271,0,0,0,4
VirusShare_67504a0c2c2bf47efccdab5ca981ad7d.json,4096,512,1024,0x4F3317B8 [Thu Feb  9 00:47:52 2012 UTC],268435456,241664,1024,320,8450,0,0,1,4
VirusShare_6808ec6dbb23f0fa7637c108f44c5c80.json,4096,512,1024,0x4F86EE82 [Thu Apr 12 15:02:26 2012 UTC],4194304,180224,1024,33088,258,0,0,1,4
VirusShare_689dcd40d5eae8c0d315265f3d90ffae.json,4096,4096,4096,0x44D1EFCE [Thu Aug  3 12:45:02 2006 UTC],4194304,49152,4096,0,271,0,0,0,3
VirusShare_6a4fbcfb44717eae2145c761c1c99b6a.json,4096,512,1024,0x4F331874 [Thu Feb  9 00:51:00 2012 UTC],65536,45056,1024,0,34,0,1,4,3
VirusShare_6b3d19cc86d82b06f5db3ae9d5ba8a5f.json,4096,512,1024,0x49266758 [Fri Nov 21 07:46:32 2008 UTC],4194304,20480,1024,0,271,0,0,0,3
VirusShare_6bf8f1f99ac5bba0db1b66518df378a4.json,4096,512,1024,0x4EA51F79 [Mon Oct 24 08:19:05 2011 UTC],4194304,282624,1024,0,271,0,0,0,3
VirusShare_6d2320af561b2315c1241e3efd86067f.json,4096,512,1024,0x498A9336 [Thu Feb  5 07:20:22 2009 UTC],268435456,32768,1024,0,8462,0,0,1,4
VirusShare_6e442c5ef460bee4c9457c6bf7a132d6.json,4096,512,1024,0x49057C6F [Mon Oct 27 08:31:43 2008 UTC],4194304,16384,1024,0,271,0,0,0,3
VirusShare_6e8f302794cfaae731840e345063e652.json,4096,4096,4096,0x4E30EAB1 [Thu Jul 28 04:50:57 2011 UTC],4194304,131072,4096,0,271,0,0,0,4
VirusShare_6ebd05a02459d3b22a9d4a79b8626bf1.json,4096,4096,4096,0x4F571F3A [Wed Mar  7 08:41:30 2012 UTC],4194304,57344,4096,0,271,1,0,0,3
VirusShare_6f9992c486195edcf0bf2f6ee6c3ec74.json,4096,512,1024,0x4B9DD36E [Mon Mar 15 06:27:58 2010 UTC],4194304,475136,1024,34048,259,0,1,1,4
VirusShare_6faa4740f99408d4d2dddd0b09bbdefd.json,4096,512,1024,0x4A0C5108 [Thu May 14 17:12:40 2009 UTC],4194304,20480,1024,0,271,0,0,0,4
VirusShare_6fbf667e82c1477c4ce635b57b83bfa0.json,4096,512,1024,0x4D2BBCA0 [Tue Jan 11 02:12:48 2011 UTC],4194304,36864,1024,0,271,0,0,0,3
VirusShare_70a55fdc712c6e31e013e6b5d412b0d6.json,4096,512,1024,0x4A9292A7 [Mon Aug 24 13:16:23 2009 UTC],4194304,569344,1024,0,271,0,0,0,4
VirusShare_7388d67561d0a7989202ad4d37eff24f.json,4096,512,1024,0x4CE3DA7C [Wed Nov 17 13:37:00 2010 UTC],4194304,28672,1024,0,271,0,0,0,4
VirusShare_73d125f84503bd87f8142cf2ba8ab05e.json,4096,512,1024,0x4CF75346 [Thu Dec  2 08:05:26 2010 UTC],4194304,49152,1024,0,271,0,0,0,3
VirusShare_75dad1ccabae8adeb5bae899d0c630f8.json,4096,512,1024,0x4F18DC14 [Fri Jan 20 03:14:28 2012 UTC],4194304,28672,1024,0,271,0,0,0,3
VirusShare_769aeae232c6162cedcb6c7255640c4c.json,4096,512,1024,0x4CCA6EDC [Fri Oct 29 06:51:08 2010 UTC],4194304,20480,1024,0,271,0,1,0,4
VirusShare_7704ad9e8e0e3d75075e4c294f698d53.json,4096,512,1024,0x4A1B9C55 [Tue May 26 07:37:57 2009 UTC],4194304,20480,1024,0,271,0,1,0,4
VirusShare_7712d05c8b499fc7a1f4a6a6b6dee825.json,4096,512,1024,0x4B85C931 [Thu Feb 25 00:49:53 2010 UTC],4194304,180224,1024,32768,259,0,0,0,4
VirusShare_77fbfed235d6062212a3e43211a5706e.json,4096,512,1024,0x4FCCB0BF [Mon Jun  4 12:57:35 2012 UTC],4194304,69632,1024,33024,259,0,0,0,4
VirusShare_785003a405bc7a4ebcbb21ddb757bf3f.json,4096,512,1024,0x4A0C5108 [Thu May 14 17:12:40 2009 UTC],4194304,20480,1024,0,271,0,0,0,4
VirusShare_7a670d13d4d014169c4080328b8feb86.json,4096,512,1024,0x4CA1A2C5 [Tue Sep 28 08:09:41 2010 UTC],4194304,4030464,1024,0,271,0,0,0,3
VirusShare_7a7a46e8fbc25a624d58e897dee04ffa.json,4096,512,1024,0x4F62E77A [Fri Mar 16 07:10:50 2012 UTC],4194304,24576,1024,0,271,0,0,0,4
VirusShare_7acb0d1df51706536f33bbdb990041d3.json,4096,512,1024,0x4D0984A0 [Thu Dec 16 03:16:48 2010 UTC],4194304,65536,1024,0,271,0,0,0,4
VirusShare_7aecb34616245eb6b2906358151be55b.json,4096,512,1024,0x5048C286 [Thu Sep  6 15:34:30 2012 UTC],4194304,311296,1024,0,271,1,0,0,4
VirusShare_7b42b35832855ab4ff37ae9b8fa9e571.json,4096,512,1024,0x4A769FE9 [Mon Aug  3 08:29:29 2009 UTC],4194304,53248,1024,0,271,0,0,0,3
VirusShare_7cb055ac3acbf53e07e20b65ec9126a1.json,4096,512,1024,0x4A2CE542 [Mon Jun  8 10:17:38 2009 UTC],4194304,692224,1024,0,271,1,0,1,3
VirusShare_7d3140bd028f70f1fa865364b69c5999.json,4096,512,1024,0x4D8A0563 [Wed Mar 23 14:36:19 2011 UTC],268435456,73728,1024,0,8462,0,0,1,4
VirusShare_7f1a4bc267ace340a5aa7a0b79cbf349.json,4096,512,1024,0x5034FFB8 [Wed Aug 22 15:50:16 2012 UTC],4194304,307200,1024,0,271,1,0,0,4
VirusShare_81b03cbcfc4b9d090cd8f5e5da816895.json,4096,512,1024,0x4FCCB0BF [Mon Jun  4 12:57:35 2012 UTC],4194304,69632,1024,33024,259,0,0,0,4
VirusShare_827040a5f5ae8de281a63899224b2f3a.json,4096,512,1024,0x4F3317A0 [Thu Feb  9 00:47:28 2012 UTC],4194304,569344,1024,33088,258,0,0,1,4
VirusShare_830a748959bdd1ad3b6a1f72aab6f063.json,4096,4096,4096,0x4D0C6C63 [Sat Dec 18 08:10:11 2010 UTC],4194304,32768,4096,0,271,0,0,0,3
VirusShare_831a67dc75e2d4505180888747bc8ea9.json,4096,512,1024,0x48571144 [Tue Jun 17 01:20:04 2008 UTC],4194304,20480,1024,0,271,0,0,0,3
VirusShare_8442ae37b91f279a9f06de4c60b286a3.json,4096,512,1024,0x4B50A3F8 [Fri Jan 15 17:20:56 2010 UTC],4194304,20480,1024,0,271,0,0,0,4
VirusShare_8462a62f13f92c34e4b89a7d13a185ad.json,4096,512,1024,0x4D919AF0 [Tue Mar 29 08:40:16 2011 UTC],4194304,40960,1024,0,271,0,0,0,3
VirusShare_871cc547feb9dbec0285321068e392b8.json,4096,512,1024,0x4EC4B644 [Thu Nov 17 07:22:44 2011 UTC],4194304,24576,1024,0,271,0,0,0,4
VirusShare_88c7c50cd4130561d57a1d3b82c5b953.json,4096,512,1024,0x4A769FE9 [Mon Aug  3 08:29:29 2009 UTC],4194304,53248,1024,0,271,0,0,0,3
VirusShare_88dbcc682635b4013bcba5ad28bb976b.json,4096,512,1024,0x4CCA6EC0 [Fri Oct 29 06:50:40 2010 UTC],4194304,20480,1024,0,271,0,1,0,4
VirusShare_8934aeed5d213fe29e858eee616a6ec7.json,4096,512,1024,0x4EE574CF [Mon Dec 12 03:28:15 2011 UTC],4194304,204800,1024,33088,258,0,0,1,4
VirusShare_8a86df3d382bfd1e4c4165f4cacfdff8.json,4096,512,1024,0x4EAF5CCE [Tue Nov  1 02:43:26 2011 UTC],4194304,81920,1024,0,271,0,0,0,4
VirusShare_8b75bcbff174c25a0161f30758509a44.json,4096,512,1024,0x4A0C5108 [Thu May 14 17:12:40 2009 UTC],4194304,20480,1024,0,271,0,0,0,4
VirusShare_8e8622c393d7e832d39e620ead5d3b49.json,4096,512,1024,0x4BCD21EF [Tue Apr 20 03:39:27 2010 UTC],4194304,610304,1024,0,271,0,0,0,3
VirusShare_929802a27737cebc59d19da724fdf30a.json,4096,512,1024,0x50324480 [Mon Aug 20 14:06:56 2012 UTC],4194304,315392,1024,0,271,1,0,0,4
VirusShare_933b11bc4799f8d9f65466fb2e3ea659.json,4096,512,1024,0x4F8D29CC [Tue Apr 17 08:29:00 2012 UTC],4194304,114688,1024,33088,258,0,0,1,4
VirusShare_95d85aa629a786bb67439a064c4349ec.json,4096,512,1024,0x4CE3DA7C [Wed Nov 17 13:37:00 2010 UTC],4194304,28672,1024,0,271,0,0,0,4
VirusShare_95f25d3afc5370f5d9fd8e65c17d3599.json,4096,512,1024,0x4DAFD9E3 [Thu Apr 21 07:16:51 2011 UTC],4194304,184320,1024,33088,258,0,0,1,4
VirusShare_9675827a495f4ba6a4efd4dd70932b7c.json,512,512,1024,0x4FC33378 [Mon May 28 08:12:40 2012 UTC],4194304,32768,1024,0,271,0,1,1,1
VirusShare_973f4a238d6d19bdc7b42977b07b9cef.json,4096,512,1024,0x4A769FE9 [Mon Aug  3 08:29:29 2009 UTC],4194304,53248,1024,0,271,0,0,0,3
VirusShare_98409dbf432419024dbf028c004344c1.json,4096,512,1024,0x4E9E9596 [Wed Oct 19 09:17:10 2011 UTC],4194304,782336,1024,0,271,0,1,0,4
VirusShare_989b797c2a63fbfc8e1c6e8a8ccd6204.json,4096,4096,4096,0x4F5D52C0 [Mon Mar 12 01:34:56 2012 UTC],4194304,131072,4096,0,271,0,0,0,3
VirusShare_99a39866a657a10949fcb6d634bb30d5.json,4096,512,1024,0x4740CFB5 [Sun Nov 18 23:50:13 2007 UTC],4194304,20480,1024,0,271,0,0,0,4
VirusShare_9e860622fee66074dfe81dcfcc40c4e2.json,4096,4096,4096,0x4917F0FC [Mon Nov 10 08:29:48 2008 UTC],268435456,53248,4096,0,8462,0,0,1,3
VirusShare_9ea3c16194ce354c244c1b74c46cd92e.json,4096,512,1024,0x4B50A3F8 [Fri Jan 15 17:20:56 2010 UTC],4194304,20480,1024,0,271,0,0,0,4
VirusShare_9f11bc08af048c5c3a110e567082fe0b.json,4096,512,1024,0x4C95CB03 [Sun Sep 19 08:34:11 2010 UTC],4194304,28672,1024,0,271,0,1,0,4
VirusShare_9fc3ed6c9b8056fbf155f79569ca7cb1.json,4096,512,1024,0x4F3CBCAE [Thu Feb 16 08:22:06 2012 UTC],4194304,24576,1024,0,271,0,0,0,4
VirusShare_a241eec892637dec971bd925a40d3efb.json,4096,512,1024,0x4CE3DA7C [Wed Nov 17 13:37:00 2010 UTC],4194304,28672,1024,0,271,0,0,0,4
VirusShare_a2534e9b7e4146368ea3245381830eb0.json,4096,512,1024,0x4C293EED [Tue Jun 29 00:31:41 2010 UTC],4194304,24576,1024,0,271,0,0,0,4
VirusShare_a2cd1189860b9ba214421aab86ecbc8a.json,4096,512,1024,0x49E1B0FE [Sun Apr 12 09:14:38 2009 UTC],4194304,28672,1024,0,271,0,0,0,4
VirusShare_a316d5aeca269ca865077e7fff356e7d.json,4096,512,1024,0x4A0C5108 [Thu May 14 17:12:40 2009 UTC],4194304,20480,1024,0,271,0,0,0,4
VirusShare_a38a367d6696ba90b2e778a5a4bf98fd.json,4096,512,1024,0x4DAFE1F9 [Thu Apr 21 07:51:21 2011 UTC],4194304,49152,1024,0,271,0,0,0,3
VirusShare_a40e20ff8b991308f508239625f275d8.json,4096,512,1024,0x49BF1A40 [Tue Mar 17 03:34:24 2009 UTC],4194304,36864,1024,0,271,1,0,4,3
VirusShare_a565682d8a13a5719977223e0d9c7aa4.json,4096,512,1024,0x498A9336 [Thu Feb  5 07:20:22 2009 UTC],268435456,32768,1024,0,8462,0,0,1,4
VirusShare_a5b581c0600815b1112ca2fed578928b.json,4096,512,1024,0x4D6F9A7A [Thu Mar  3 13:41:14 2011 UTC],4194304,24576,1024,0,271,0,0,0,4
VirusShare_a5d4ebc0285f0213e0c29d23bc410889.json,4096,512,1024,0x4DAFD9E3 [Thu Apr 21 07:16:51 2011 UTC],4194304,184320,1024,33088,258,0,0,1,4
VirusShare_a639f598d4c0b9aa7a4691d05f27d977.json,4096,512,1024,0x4F96634D [Tue Apr 24 08:24:45 2012 UTC],4194304,32768,1024,0,271,0,0,0,4
VirusShare_a8b2ac446c614fd5d4880d95369deb3b.json,4096,512,1024,0x4EA51F79 [Mon Oct 24 08:19:05 2011 UTC],4194304,282624,1024,0,271,0,0,0,3
VirusShare_a8f259bb36e00d124963cfa9b86f502e.json,4096,512,1024,0x4E43D605 [Thu Aug 11 13:15:49 2011 UTC],4194304,4030464,1024,0,271,0,0,0,3
VirusShare_a99e06e2f90db4e506ef1347a8774dd5.json,4096,512,1024,0x4E4DCBA8 [Fri Aug 19 02:34:16 2011 UTC],4194304,24576,1024,0,271,0,0,0,4
VirusShare_aa4f1ecc4d25b33395196b5d51a06790.json,4096,512,1024,0x4E325CE7 [Fri Jul 29 07:10:31 2011 UTC],4194304,4030464,1024,0,271,0,0,0,3
VirusShare_ab00b38179851c8aa3f9bc80ed7baa23.json,4096,512,1024,0x4A642BBD [Mon Jul 20 08:33:01 2009 UTC],268435456,24576,1024,0,8462,0,0,1,4
VirusShare_ab208f0b517ba9850f1551c9555b5313.json,4096,512,1024,0x4CBFE2DD [Thu Oct 21 06:51:09 2010 UTC],4194304,24576,1024,0,271,0,0,0,4
VirusShare_ac87816b9a371e72512d8fd82f61c737.json,4096,512,1024,0x4508BE5E [Thu Sep 14 02:28:46 2006 UTC],4194304,24576,1024,0,271,0,0,0,4
VirusShare_af2745e8888f2ba17a9cf2e0779d3874.json,4096,512,1024,0x4BF4DE41 [Thu May 20 07:01:21 2010 UTC],4194304,28672,1024,0,271,0,0,0,4
VirusShare_af2f7b070245c90bd2a0a0845314173a.json,4096,512,1024,0x4F5EAF42 [Tue Mar 13 02:21:54 2012 UTC],4194304,32768,1024,0,271,0,0,0,4
VirusShare_af719814507fdca4b96184f33b6b92ea.json,4096,512,1024,0x4F33184F [Thu Feb  9 00:50:23 2012 UTC],6442450944,282624,1024,320,8226,0,0,2,4
VirusShare_b07322743778b5868475dbe66eedac4f.json,4096,512,1024,0x4B50A3F8 [Fri Jan 15 17:20:56 2010 UTC],4194304,20480,1024,0,271,0,0,0,4
VirusShare_b3848edbabfbce246a9faf5466e743bf.json,4096,4096,4096,0x49ABAC54 [Mon Mar  2 09:52:20 2009 UTC],268435456,65536,4096,0,8462,0,0,1,3
VirusShare_b3bc979d8de3be09728c5de1a0297c4b.json,4096,512,1024,0x498A9336 [Thu Feb  5 07:20:22 2009 UTC],268435456,32768,1024,0,8462,0,0,1,4
VirusShare_b5e9ce72771217680efaeecfafe3da3f.json,4096,512,1024,0x4F733094 [Wed Mar 28 15:39:00 2012 UTC],4194304,32768,1024,0,271,0,0,0,4
VirusShare_b74022a7b9b63fdc541ae0848b28a962.json,4096,512,1024,0x4A769FE9 [Mon Aug  3 08:29:29 2009 UTC],4194304,53248,1024,0,271,0,0,0,3
VirusShare_b8277cce81e0a372bc35d33a0c9483c2.json,4096,512,1024,0x4F5074BB [Fri Mar  2 07:20:27 2012 UTC],4194304,32768,1024,0,271,0,0,0,4
VirusShare_b8f61242e28f2edf6cb1be8781438491.json,4096,512,1024,0x498A924C [Thu Feb  5 07:16:28 2009 UTC],4194304,24576,1024,0,271,0,0,0,3
VirusShare_ba0c4d3dbf07d407211b5828405a9b91.json,4096,512,1024,0x498A91B9 [Thu Feb  5 07:14:01 2009 UTC],4194304,28672,1024,0,271,0,0,0,4
VirusShare_baabd9b76bff84ed27fd432cfc6df241.json,4096,512,1024,0x4F8D38C6 [Tue Apr 17 09:32:54 2012 UTC],4194304,32768,1024,0,271,0,0,0,4
VirusShare_bac2e89bd92ce23e1e93a63d26dea01a.json,4096,512,1024,0x4DB625B6 [Tue Apr 26 01:53:58 2011 UTC],4194304,16384,1024,0,271,0,0,0,3
VirusShare_bc723e4f93a3bf85f4d1e1910393d1a3.json,4096,512,1024,0x50D9A526 [Tue Dec 25 13:07:50 2012 UTC],268435456,69632,1024,0,8462,0,0,1,4
VirusShare_bcb087f69792b69494a3edad51a842bb.json,4096,512,1024,0x4D759642 [Tue Mar  8 02:36:50 2011 UTC],4194304,24576,1024,0,271,0,0,0,4
VirusShare_bcbdef1678049378be04719ed29078d2.json,4096,4096,4096,0x4917F0FC [Mon Nov 10 08:29:48 2008 UTC],268435456,53248,4096,0,8462,0,0,1,3
VirusShare_bd8b082b7711bc980252f988bb0ca936.json,4096,512,1024,0x4E9E960D [Wed Oct 19 09:19:09 2011 UTC],268435456,782336,1024,0,8462,0,0,1,3
VirusShare_bdd2ad4c0e1e5667d117810ae9e36c4b.json,4096,512,1024,0x4C95CB03 [Sun Sep 19 08:34:11 2010 UTC],4194304,28672,1024,0,271,0,1,0,4
VirusShare_bf0ee4367ea32f8e3b911c304258e439.json,4096,512,1024,0x4C95CB03 [Sun Sep 19 08:34:11 2010 UTC],4194304,28672,1024,0,271,0,1,0,4
VirusShare_bf80dbf969b73790253f683cd723fd71.json,4096,512,1024,0x4A5F417D [Thu Jul 16 15:04:29 2009 UTC],268435456,28672,1024,0,8462,0,0,1,4
VirusShare_c0134285a276ab933e2a2b9b33b103cd.json,4096,512,1024,0x4CD50D05 [Sat Nov  6 08:08:37 2010 UTC],4194304,98304,1024,0,271,0,0,0,3
VirusShare_c044715c2626ab515f6c85a21c47c7dd.json,4096,512,1024,0x4E9823CC [Fri Oct 14 11:58:04 2011 UTC],4194304,20480,1024,0,271,0,0,0,3
VirusShare_c04c796ef126ad7429be7d55720fe392.json,4096,512,1024,0x5032349C [Mon Aug 20 12:59:08 2012 UTC],4194304,315392,1024,0,271,1,0,0,4
VirusShare_c0a33a1b472a8c16123fd696a5ce5ebb.json,4096,512,1024,0x4A0C5108 [Thu May 14 17:12:40 2009 UTC],4194304,20480,1024,0,271,0,0,0,4
VirusShare_c110f08399c5dca64d7dc4539eb82083.json,4096,4096,4096,0x49CA2D9C [Wed Mar 25 13:11:56 2009 UTC],268435456,139264,4096,0,8462,0,0,1,3
VirusShare_c39e272e9ea15d61e0c8e6b749a1ad46.json,4096,4096,4096,0x4FB113D5 [Mon May 14 14:16:53 2012 UTC],4194304,32768,4096,0,271,0,0,0,3
VirusShare_c3e5603a38e700274d1ab30ce93d08b9.json,4096,512,1024,0x4DD2279F [Tue May 17 07:45:35 2011 UTC],4194304,20480,1024,0,271,0,0,0,3
VirusShare_c41e44045cebebfba234063de8fd7c4d.json,4096,512,1024,0x4CE3DA7C [Wed Nov 17 13:37:00 2010 UTC],4194304,28672,1024,0,271,0,0,0,4
VirusShare_c4c638750526e28f68d6d71fd1266bdf.json,4096,512,1024,0x4A769FE9 [Mon Aug  3 08:29:29 2009 UTC],4194304,53248,1024,0,271,0,0,0,3
VirusShare_c6a4bb1a4e4f69ec71855d70d6960859.json,4096,512,1024,0x4B1465E9 [Tue Dec  1 00:40:09 2009 UTC],268435456,634880,1024,0,8462,0,0,1,3
VirusShare_c9172b3e83c782bc930c06b628f31fa5.json,4096,512,1024,0x4A769FE9 [Mon Aug  3 08:29:29 2009 UTC],4194304,53248,1024,0,271,0,0,0,3
VirusShare_c91eacab7655870764d13ba741aa9a73.json,4096,512,1024,0x4DAEDBE4 [Wed Apr 20 13:13:08 2011 UTC],4194304,180224,1024,33088,258,0,0,1,4
VirusShare_c99fa835350aa9e2427ce69323b061a9.json,4096,512,1024,0x4A87E807 [Sun Aug 16 11:05:43 2009 UTC],4194304,479232,1024,34048,259,0,1,1,4
VirusShare_ca327bc83fbe38b3689cd1a5505dfc33.json,4096,512,1024,0x4FC4DFB3 [Tue May 29 14:39:47 2012 UTC],4194304,208896,1024,33088,258,0,0,1,3
VirusShare_ca6fe7a1315af5afeac2961460a80569.json,4096,512,1024,0x4A0C5108 [Thu May 14 17:12:40 2009 UTC],4194304,20480,1024,0,271,0,0,0,4
VirusShare_cc3a9a7b026bfe0e55ff219fd6aa7d94.json,4096,512,1024,0x4CA1A2C5 [Tue Sep 28 08:09:41 2010 UTC],4194304,4030464,1024,0,271,0,0,0,3
VirusShare_cf038194f0fe222f31ec24cb80941bb1.json,4096,4096,4096,0x4F1768C3 [Thu Jan 19 00:50:11 2012 UTC],4194304,81920,4096,0,271,0,0,0,3
VirusShare_cf9c2d5a8fbdd1c5adc20cfc5e663c21.json,4096,512,1024,0x503233EC [Mon Aug 20 12:56:12 2012 UTC],4194304,315392,1024,0,271,1,0,0,4
VirusShare_d0d5a20c5a6c4fddab4d43b85632b6a9.json,4096,512,1024,0x50339127 [Tue Aug 21 13:46:15 2012 UTC],4194304,307200,1024,0,271,1,0,0,4
VirusShare_d16947b200afa74a917f055597b772c0.json,4096,512,1024,0x4CA1A2C5 [Tue Sep 28 08:09:41 2010 UTC],4194304,4030464,1024,0,271,0,0,0,3
VirusShare_d22863c5e6f098a4b52688b021beef0a.json,4096,512,1024,0x4D8A04E2 [Wed Mar 23 14:34:10 2011 UTC],4194304,77824,1024,0,271,0,0,0,3
VirusShare_d262cb8267beb0e218f6d11d6af9052e.json,4096,512,1024,0x4BD15180 [Fri Apr 23 07:51:28 2010 UTC],268435456,36864,1024,0,8462,0,0,1,4
VirusShare_d271ae0f4e9230af3b61eafe7f671fde.json,4096,512,1024,0x4C71DA30 [Mon Aug 23 02:17:20 2010 UTC],4194304,24576,1024,0,271,0,0,0,4
VirusShare_d2f1be7e10ed39aa8bc0f7f671d824d2.json,4096,4096,4096,0x4EEFF1AA [Tue Dec 20 02:23:38 2011 UTC],4194304,57344,4096,0,271,1,0,0,3
VirusShare_d34e357461c55d90c52309c1ff952b4c.json,4096,512,1024,0x503F6541 [Thu Aug 30 13:06:09 2012 UTC],4194304,311296,1024,0,271,1,0,0,4
VirusShare_d4ba6430996fb4021241efc97c607504.json,4096,512,1024,0x4F331835 [Thu Feb  9 00:49:57 2012 UTC],5368709120,692224,1024,33088,34,0,0,2,4
VirusShare_d4c7f1f80883412f9796f1270accff50.json,4096,512,1024,0x4A6A7F84 [Sat Jul 25 03:44:04 2009 UTC],4194304,28672,1024,0,271,0,0,0,4
VirusShare_d62cd4ad2a919b6acfa6d49d446dffdb.json,4096,512,1024,0x4EA51F79 [Mon Oct 24 08:19:05 2011 UTC],4194304,282624,1024,0,271,0,0,0,3
VirusShare_d7796209412da17b2ee2ccf2309b4abf.json,4096,512,1024,0x4E7F3000 [Sun Sep 25 13:43:28 2011 UTC],4194304,69632,1024,0,271,0,0,0,4
VirusShare_d7aa32b7465f55c368230bb52d52d885.json,4096,512,1024,0x4F45E8BF [Thu Feb 23 07:20:31 2012 UTC],4194304,20480,1024,0,271,0,0,0,4
VirusShare_d8238e950608e5aba3d3e9e83e9ee2cc.json,4096,4096,4096,0x4FA73F35 [Mon May  7 03:19:17 2012 UTC],4194304,81920,4096,0,271,0,0,0,3
VirusShare_d8b7b276710127d233abcdb7313aac36.json,4096,512,1024,0x4F331835 [Thu Feb  9 00:49:57 2012 UTC],5368709120,692224,1024,33088,34,0,0,2,4
VirusShare_d9fbf759f527af373e34673dc3aca462.json,4096,512,1024,0x4A0C5108 [Thu May 14 17:12:40 2009 UTC],4194304,20480,1024,0,271,0,0,0,4
VirusShare_da383cc098a5ea8fbb87643611e4bfb6.json,4096,512,1024,0x49BFA3D5 [Tue Mar 17 13:21:25 2009 UTC],1895825408,102400,1024,0,8450,0,0,1,4
VirusShare_da6b0ee7ec735029d1ff4fa863a71de8.json,4096,512,1024,0x4BC2E349 [Mon Apr 12 09:09:29 2010 UTC],268435456,28672,1024,0,8462,0,0,1,4
VirusShare_db05df0498b59b42a8e493cf3c10c578.json,4096,512,1024,0x4E9E960D [Wed Oct 19 09:19:09 2011 UTC],268435456,782336,1024,0,8462,0,0,1,3
VirusShare_db2580f5675f04716481b24bb7af468e.json,4096,4096,4096,0x4F5EC36D [Tue Mar 13 03:47:57 2012 UTC],4194304,135168,4096,0,271,0,0,0,3
VirusShare_db50416d9e67f4982e89e0ffb0ade6f3.json,4096,512,1024,0x4F3CBCAE [Thu Feb 16 08:22:06 2012 UTC],4194304,24576,1024,0,271,0,0,0,4
VirusShare_dd21d1ea2146861a4219b1cbdaefe59b.json,4096,512,1024,0x504DF85E [Mon Sep 10 14:25:34 2012 UTC],4194304,311296,1024,0,271,1,0,0,4
VirusShare_ddf3db31f9fa21cd43ff19dde393aba8.json,4096,512,1024,0x4E81CAFC [Tue Sep 27 13:09:16 2011 UTC],4194304,69632,1024,0,271,0,0,0,4
VirusShare_e1b6940985a23e5639450f8391820655.json,4096,512,1024,0x4E9E955A [Wed Oct 19 09:16:10 2011 UTC],268435456,782336,1024,0,8462,0,0,1,3
VirusShare_e476e4a24f8b4ff4c8a0b260aa35fc9f.json,4096,512,1024,0x4FD34D75 [Sat Jun  9 13:19:49 2012 UTC],4194304,499712,1024,34048,259,0,1,1,4
VirusShare_e54ce5f0112c9fdfe86db17e85a5e2c5.json,4096,512,1024,0x498A91B9 [Thu Feb  5 07:14:01 2009 UTC],4194304,28672,1024,0,271,0,0,0,4
VirusShare_e689b1fb0610b752f42adafc403fa49f.json,4096,512,1024,0x509A6C60 [Wed Nov  7 14:12:48 2012 UTC],4194304,135168,1024,0,271,1,0,0,4
VirusShare_e83f60fb0e0396ea309faf0aed64e53f.json,4096,512,1024,0x498A91B9 [Thu Feb  5 07:14:01 2009 UTC],4194304,28672,1024,0,271,0,0,0,4
VirusShare_ea1b44094ae4d8e2b63a1771a3e61fd5.json,4096,512,1024,0x4F3E6A59 [Fri Feb 17 14:55:21 2012 UTC],4194304,491520,1024,34048,259,0,1,1,4
VirusShare_ec3a2197ca6b63ee1454d99a6ae145ab.json,4096,512,1024,0x49BE548B [Mon Mar 16 13:30:51 2009 UTC],4194304,57344,1024,0,271,0,0,0,3
VirusShare_ec8aa67b05407c01094184c33d2b5a44.json,4096,512,1024,0x4B50A3F8 [Fri Jan 15 17:20:56 2010 UTC],4194304,20480,1024,0,271,0,0,0,4
VirusShare_eef80511aa490b2168ed4c9fa5eafef0.json,4096,512,1024,0x4C21624F [Wed Jun 23 01:24:31 2010 UTC],4194304,32768,1024,0,271,0,0,0,3
VirusShare_ef6c375e3e6930e2b50e1e97fe6fbcc9.json,4096,4096,4096,0x4B2ED1B6 [Mon Dec 21 01:39:02 2009 UTC],4194304,28672,4096,0,271,0,1,0,4
VirusShare_ef8e0fb20e7228c7492ccdc59d87c690.json,4096,512,1024,0x4B711CF7 [Tue Feb  9 08:29:43 2010 UTC],268435456,663552,1024,0,8462,0,0,1,4
VirusShare_f1e5d9bf7705b4dc5be0b8a90b73a863.json,4096,512,1024,0x4D74A8A3 [Mon Mar  7 09:42:59 2011 UTC],4194304,49152,1024,0,271,0,0,0,3
VirusShare_f3611c5c793f521f7ff2a69c22d4174e.json,4096,4096,4096,0x4E94F432 [Wed Oct 12 01:58:10 2011 UTC],4194304,155648,4096,0,271,0,0,0,3
VirusShare_f4ed3b7a8a58453052db4b5be3707342.json,4096,512,1024,0x4CE3DA7C [Wed Nov 17 13:37:00 2010 UTC],4194304,28672,1024,0,271,0,0,0,4
VirusShare_f627990bbe2ec5c48c180f724490c332.json,4096,512,1024,0x4A769FE9 [Mon Aug  3 08:29:29 2009 UTC],4194304,53248,1024,0,271,0,0,0,3
VirusShare_f6655e39465c2ff5b016980d918ea028.json,4096,512,1024,0x4B50A3F8 [Fri Jan 15 17:20:56 2010 UTC],4194304,20480,1024,0,271,0,0,0,4
VirusShare_f7c63592ffb87b81ce45c89d207e9403.json,4096,512,1024,0x4917F108 [Mon Nov 10 08:30:00 2008 UTC],4194304,90112,1024,0,271,0,0,0,4
VirusShare_f7f85d7f628ce62d1d8f7b39d8940472.json,4096,512,1024,0x4DE35569 [Mon May 30 08:29:29 2011 UTC],4194304,2035712,1024,0,271,0,0,0,4
VirusShare_f802b6e448c054c9c16b97ff85646825.json,4096,512,1024,0x4D11B091 [Wed Dec 22 08:02:25 2010 UTC],4194304,49152,1024,0,271,0,0,0,3
VirusShare_f8437e44748d2c3fcf84019766f4e6dc.json,4096,512,1024,0x4A0C5108 [Thu May 14 17:12:40 2009 UTC],4194304,20480,1024,0,271,0,0,0,4
VirusShare_fab6b0b33d59f393e142000f128a9652.json,4096,512,1024,0x4CE3DA7C [Wed Nov 17 13:37:00 2010 UTC],4194304,28672,1024,0,271,0,0,0,4
VirusShare_fb671e6de6e301c892d2fdaa58f9cd9a.json,4096,512,1024,0x4CE48771 [Thu Nov 18 01:54:57 2010 UTC],4194304,32768,1024,0,271,0,0,0,3
VirusShare_fc1937c1aa536b3744ebdfb1716fd54d.json,4096,512,1024,0x45084BE2 [Wed Sep 13 18:20:18 2006 UTC],4194304,188416,1024,0,271,1,0,1,3
VirusShare_fcdaa67e33357f64bc4ce7b57491fc53.json,4096,512,1024,0x503254BC [Mon Aug 20 15:16:12 2012 UTC],4194304,311296,1024,0,271,1,0,0,4
VirusShare_fe8ff84a23feb673a59d8571575fee0b.json,4096,512,1024,0x48CF715D [Tue Sep 16 08:42:05 2008 UTC],4194304,65536,1024,0,271,0,0,0,4
